ReturnDate,ReturnQuantity,Region,Country,Continent,ProductSKU,ProductName,ProductCost,ProductPrice
1/18/2015,1,Australia,Australia,Pacific,BK-R93R-48,"Road-150 Red, 48",2171.2942,3578.27
1/18/2015,1,United Kingdom,United Kingdom,Europe,BK-R93R-62,"Road-150 Red, 62",2171.2942,3578.27
1/21/2015,1,Germany,Germany,Europe,BK-M82S-44,"Mountain-100 Silver, 44",1912.1544,3399.99
1/22/2015,1,Southwest,United States,North America,BK-R93R-44,"Road-150 Red, 44",2171.2942,3578.27
02-02-2015,1,Canada,Canada,North America,BK-R93R-48,"Road-150 Red, 48",2171.2942,3578.27
2/15/2015,1,Northwest,United States,North America,BK-R93R-48,"Road-150 Red, 48",2171.2942,3578.27
2/19/2015,1,Australia,Australia,Pacific,BK-R93R-44,"Road-150 Red, 44",2171.2942,3578.27
2/24/2015,1,Germany,Germany,Europe,BK-R93R-56,"Road-150 Red, 56",2171.2942,3578.27
03-08-2015,1,Germany,Germany,Europe,BK-M82B-44,"Mountain-100 Black, 44",1898.0944,3374.99
3/13/2015,1,Australia,Australia,Pacific,BK-M82B-44,"Mountain-100 Black, 44",1898.0944,3374.99
3/14/2015,1,Southwest,United States,North America,BK-M82S-44,"Mountain-100 Silver, 44",1912.1544,3399.99
3/15/2015,1,Australia,Australia,Pacific,BK-R50B-48,"Road-650 Black, 48",413.1463,699.0982
3/22/2015,1,Southwest,United States,North America,BK-R93R-44,"Road-150 Red, 44",2171.2942,3578.27
3/26/2015,1,United Kingdom,United Kingdom,Europe,BK-R93R-48,"Road-150 Red, 48",2171.2942,3578.27
3/28/2015,1,France,France,Europe,BK-R93R-48,"Road-150 Red, 48",2171.2942,3578.27
3/28/2015,1,Australia,Australia,Pacific,BK-R93R-56,"Road-150 Red, 56",2171.2942,3578.27
3/29/2015,1,Australia,Australia,Pacific,BK-R93R-44,"Road-150 Red, 44",2171.2942,3578.27
04-01-2015,1,Germany,Germany,Europe,BK-R93R-44,"Road-150 Red, 44",2171.2942,3578.27
04-07-2015,1,Australia,Australia,Pacific,BK-R93R-44,"Road-150 Red, 44",2171.2942,3578.27
04-07-2015,1,Australia,Australia,Pacific,BK-M82B-48,"Mountain-100 Black, 48",1898.0944,3374.99
04-09-2015,1,Australia,Australia,Pacific,BK-R93R-44,"Road-150 Red, 44",2171.2942,3578.27
04-10-2015,1,Australia,Australia,Pacific,BK-R50R-44,"Road-650 Red, 44",413.1463,699.0982
4/15/2015,1,Australia,Australia,Pacific,BK-R93R-48,"Road-150 Red, 48",2171.2942,3578.27
4/16/2015,1,Australia,Australia,Pacific,BK-M82B-42,"Mountain-100 Black, 42",1898.0944,3374.99
4/20/2015,1,Australia,Australia,Pacific,BK-R93R-62,"Road-150 Red, 62",2171.2942,3578.27
4/21/2015,1,Australia,Australia,Pacific,BK-R93R-48,"Road-150 Red, 48",2171.2942,3578.27
4/25/2015,1,Southwest,United States,North America,BK-R50R-62,"Road-650 Red, 62",413.1463,699.0982
4/27/2015,1,Northwest,United States,North America,BK-R93R-56,"Road-150 Red, 56",2171.2942,3578.27
4/29/2015,1,Canada,Canada,North America,BK-R93R-62,"Road-150 Red, 62",2171.2942,3578.27
4/29/2015,1,Australia,Australia,Pacific,BK-M82B-38,"Mountain-100 Black, 38",1898.0944,3374.99
4/30/2015,1,Germany,Germany,Europe,BK-R50R-52,"Road-650 Red, 52",413.1463,699.0982
05-01-2015,1,Southwest,United States,North America,BK-R93R-48,"Road-150 Red, 48",2171.2942,3578.27
05-06-2015,1,Australia,Australia,Pacific,BK-R50R-62,"Road-650 Red, 62",413.1463,699.0982
05-07-2015,1,Australia,Australia,Pacific,BK-M82B-48,"Mountain-100 Black, 48",1898.0944,3374.99
5/13/2015,1,Northwest,United States,North America,BK-R93R-62,"Road-150 Red, 62",2171.2942,3578.27
5/14/2015,1,France,France,Europe,BK-R93R-52,"Road-150 Red, 52",2171.2942,3578.27
5/16/2015,1,Canada,Canada,North America,BK-R93R-52,"Road-150 Red, 52",2171.2942,3578.27
5/16/2015,1,France,France,Europe,BK-R93R-52,"Road-150 Red, 52",2171.2942,3578.27
5/22/2015,1,Australia,Australia,Pacific,BK-R93R-56,"Road-150 Red, 56",2171.2942,3578.27
5/24/2015,1,Germany,Germany,Europe,BK-R50R-60,"Road-650 Red, 60",413.1463,699.0982
5/30/2015,1,Northwest,United States,North America,BK-R93R-52,"Road-150 Red, 52",2171.2942,3578.27
5/30/2015,1,Southwest,United States,North America,BK-R93R-56,"Road-150 Red, 56",2171.2942,3578.27
06-05-2015,1,Southwest,United States,North America,BK-R93R-52,"Road-150 Red, 52",2171.2942,3578.27
06-07-2015,1,Southwest,United States,North America,BK-R50B-52,"Road-650 Black, 52",413.1463,699.0982
6/20/2015,1,Australia,Australia,Pacific,BK-M82S-48,"Mountain-100 Silver, 48",1912.1544,3399.99
6/24/2015,1,Australia,Australia,Pacific,BK-R50R-58,"Road-650 Red, 58",413.1463,699.0982
07-03-2015,1,Southwest,United States,North America,BK-R89B-44,"Road-250 Black, 44",1320.6838,2181.5625
07-11-2015,1,Germany,Germany,Europe,BK-R64Y-44,"Road-550-W Yellow, 44",605.6492,1000.4375
7/22/2015,1,Germany,Germany,Europe,BK-R89B-58,"Road-250 Black, 58",1320.6838,2181.5625
8/14/2015,1,Canada,Canada,North America,BK-R89B-52,"Road-250 Black, 52",1320.6838,2181.5625
8/15/2015,1,Northwest,United States,North America,BK-R89B-52,"Road-250 Black, 52",1320.6838,2181.5625
8/15/2015,1,Germany,Germany,Europe,BK-R50R-48,"Road-650 Red, 48",413.1463,699.0982
8/26/2015,1,Southwest,United States,North America,BK-R64Y-44,"Road-550-W Yellow, 44",605.6492,1000.4375
8/28/2015,1,Southwest,United States,North America,BK-R89R-52,"Road-250 Red, 52",1518.7864,2443.35
8/31/2015,1,United Kingdom,United Kingdom,Europe,BK-R89B-44,"Road-250 Black, 44",1320.6838,2181.5625
09-03-2015,1,Australia,Australia,Pacific,BK-R89R-48,"Road-250 Red, 48",1518.7864,2443.35
09-10-2015,1,Northwest,United States,North America,BK-M68S-42,"Mountain-200 Silver, 42",1117.8559,2071.4196
10-03-2015,1,Northwest,United States,North America,BK-M68S-38,"Mountain-200 Silver, 38",1117.8559,2071.4196
10-07-2015,1,Australia,Australia,Pacific,BK-M68S-38,"Mountain-200 Silver, 38",1117.8559,2071.4196
10-08-2015,1,United Kingdom,United Kingdom,Europe,BK-M68S-42,"Mountain-200 Silver, 42",1117.8559,2071.4196
10-12-2015,1,Australia,Australia,Pacific,BK-R89B-58,"Road-250 Black, 58",1320.6838,2181.5625
10/13/2015,2,Australia,Australia,Pacific,BK-M68S-38,"Mountain-200 Silver, 38",1117.8559,2071.4196
10/23/2015,1,Australia,Australia,Pacific,BK-M68S-42,"Mountain-200 Silver, 42",1117.8559,2071.4196
10/25/2015,1,Germany,Germany,Europe,BK-R50B-60,"Road-650 Black, 60",413.1463,699.0982
10/27/2015,1,Canada,Canada,North America,BK-R89R-44,"Road-250 Red, 44",1518.7864,2443.35
10/28/2015,1,Germany,Germany,Europe,BK-R89B-44,"Road-250 Black, 44",1320.6838,2181.5625
10/30/2015,1,France,France,Europe,BK-R89R-52,"Road-250 Red, 52",1518.7864,2443.35
11/16/2015,1,Germany,Germany,Europe,BK-R89B-58,"Road-250 Black, 58",1320.6838,2181.5625
11/20/2015,1,Germany,Germany,Europe,BK-M68B-42,"Mountain-200 Black, 42",1105.81,2049.0982
11/23/2015,1,Australia,Australia,Pacific,BK-R50R-44,"Road-650 Red, 44",413.1463,699.0982
11/24/2015,1,Northwest,United States,North America,BK-R50R-52,"Road-650 Red, 52",413.1463,699.0982
11/27/2015,1,United Kingdom,United Kingdom,Europe,BK-R50R-58,"Road-650 Red, 58",413.1463,699.0982
12-01-2015,1,United Kingdom,United Kingdom,Europe,BK-M68S-46,"Mountain-200 Silver, 46",1117.8559,2071.4196
12-04-2015,1,Southwest,United States,North America,BK-R50R-62,"Road-650 Red, 62",413.1463,699.0982
12-05-2015,1,Canada,Canada,North America,BK-R64Y-48,"Road-550-W Yellow, 48",605.6492,1000.4375
12-06-2015,1,United Kingdom,United Kingdom,Europe,BK-M68B-42,"Mountain-200 Black, 42",1105.81,2049.0982
12-10-2015,1,Australia,Australia,Pacific,BK-R50B-60,"Road-650 Black, 60",413.1463,699.0982
12-11-2015,1,Australia,Australia,Pacific,BK-R89B-48,"Road-250 Black, 48",1320.6838,2181.5625
12-12-2015,1,Germany,Germany,Europe,BK-R89B-52,"Road-250 Black, 52",1320.6838,2181.5625
12-12-2015,1,Australia,Australia,Pacific,BK-M68B-46,"Mountain-200 Black, 46",1105.81,2049.0982
12-12-2015,1,Australia,Australia,Pacific,BK-R89B-58,"Road-250 Black, 58",1320.6838,2181.5625
12/14/2015,1,Australia,Australia,Pacific,BK-R89B-52,"Road-250 Black, 52",1320.6838,2181.5625
12/16/2015,1,Southwest,United States,North America,BK-R89B-52,"Road-250 Black, 52",1320.6838,2181.5625
12/18/2015,1,Southwest,United States,North America,BK-M68S-38,"Mountain-200 Silver, 38",1117.8559,2071.4196
12/25/2015,1,Germany,Germany,Europe,BK-R64Y-48,"Road-550-W Yellow, 48",605.6492,1000.4375
01-07-2016,1,Australia,Australia,Pacific,BK-M68B-46,"Mountain-200 Black, 46",1105.81,2049.0982
01-09-2016,1,Germany,Germany,Europe,BK-R89B-44,"Road-250 Black, 44",1320.6838,2181.5625
01-10-2016,1,Australia,Australia,Pacific,BK-R64Y-38,"Road-550-W Yellow, 38",605.6492,1000.4375
1/16/2016,1,France,France,Europe,BK-R89R-58,"Road-250 Red, 58",1320.6838,2181.5625
1/23/2016,1,Southwest,United States,North America,BK-R50B-58,"Road-650 Black, 58",413.1463,699.0982
1/23/2016,1,Australia,Australia,Pacific,BK-M68S-42,"Mountain-200 Silver, 42",1117.8559,2071.4196
1/26/2016,1,Australia,Australia,Pacific,BK-R50R-52,"Road-650 Red, 52",413.1463,699.0982
1/31/2016,1,Southwest,United States,North America,BK-M68B-42,"Mountain-200 Black, 42",1105.81,2049.0982
02-01-2016,1,Northwest,United States,North America,BK-M68S-42,"Mountain-200 Silver, 42",1117.8559,2071.4196
02-12-2016,1,Australia,Australia,Pacific,BK-R50R-52,"Road-650 Red, 52",413.1463,699.0982
2/14/2016,1,Southwest,United States,North America,BK-R64Y-38,"Road-550-W Yellow, 38",605.6492,1000.4375
2/20/2016,1,Australia,Australia,Pacific,BK-R50R-48,"Road-650 Red, 48",413.1463,699.0982
2/20/2016,1,Australia,Australia,Pacific,BK-R89B-52,"Road-250 Black, 52",1320.6838,2181.5625
2/22/2016,1,Germany,Germany,Europe,BK-R89R-48,"Road-250 Red, 48",1518.7864,2443.35
2/22/2016,1,Australia,Australia,Pacific,BK-M68B-46,"Mountain-200 Black, 46",1105.81,2049.0982
2/25/2016,1,Australia,Australia,Pacific,BK-R89R-52,"Road-250 Red, 52",1518.7864,2443.35
03-08-2016,1,Australia,Australia,Pacific,BK-M68S-38,"Mountain-200 Silver, 38",1117.8559,2071.4196
03-12-2016,1,Northwest,United States,North America,BK-R50B-62,"Road-650 Black, 62",413.1463,699.0982
3/18/2016,1,France,France,Europe,BK-R89R-52,"Road-250 Red, 52",1518.7864,2443.35
3/20/2016,1,Australia,Australia,Pacific,BK-M68B-42,"Mountain-200 Black, 42",1105.81,2049.0982
3/21/2016,1,Canada,Canada,North America,BK-R50R-52,"Road-650 Red, 52",413.1463,699.0982
3/24/2016,1,France,France,Europe,BK-R50R-52,"Road-650 Red, 52",413.1463,699.0982
3/29/2016,1,Australia,Australia,Pacific,BK-R89B-48,"Road-250 Black, 48",1320.6838,2181.5625
3/31/2016,1,France,France,Europe,BK-R89R-44,"Road-250 Red, 44",1518.7864,2443.35
04-01-2016,1,Germany,Germany,Europe,BK-R89B-44,"Road-250 Black, 44",1320.6838,2181.5625
04-04-2016,1,France,France,Europe,BK-R64Y-44,"Road-550-W Yellow, 44",605.6492,1000.4375
4/13/2016,1,Germany,Germany,Europe,BK-M68B-46,"Mountain-200 Black, 46",1105.81,2049.0982
4/25/2016,1,Northwest,United States,North America,BK-R50R-58,"Road-650 Red, 58",413.1463,699.0982
4/27/2016,1,Southwest,United States,North America,BK-R89B-44,"Road-250 Black, 44",1320.6838,2181.5625
05-01-2016,1,Northwest,United States,North America,BK-R50R-60,"Road-650 Red, 60",413.1463,699.0982
05-01-2016,1,Australia,Australia,Pacific,BK-M68S-38,"Mountain-200 Silver, 38",1117.8559,2071.4196
05-03-2016,1,Australia,Australia,Pacific,BK-R89R-52,"Road-250 Red, 52",1518.7864,2443.35
05-11-2016,1,France,France,Europe,BK-M68S-38,"Mountain-200 Silver, 38",1117.8559,2071.4196
5/16/2016,1,Australia,Australia,Pacific,BK-M68S-42,"Mountain-200 Silver, 42",1117.8559,2071.4196
5/21/2016,1,Southwest,United States,North America,BK-R89R-58,"Road-250 Red, 58",1320.6838,2181.5625
5/23/2016,1,Germany,Germany,Europe,BK-R50R-48,"Road-650 Red, 48",413.1463,699.0982
5/26/2016,1,France,France,Europe,BK-M68B-42,"Mountain-200 Black, 42",1105.81,2049.0982
5/27/2016,1,France,France,Europe,BK-R50R-44,"Road-650 Red, 44",413.1463,699.0982
5/31/2016,1,Southwest,United States,North America,BK-R89R-48,"Road-250 Red, 48",1518.7864,2443.35
06-10-2016,1,Southwest,United States,North America,BK-M68S-46,"Mountain-200 Silver, 46",1117.8559,2071.4196
06-12-2016,1,United Kingdom,United Kingdom,Europe,BK-R64Y-38,"Road-550-W Yellow, 38",605.6492,1000.4375
6/13/2016,1,Southwest,United States,North America,BK-R89R-58,"Road-250 Red, 58",1320.6838,2181.5625
6/15/2016,1,Southwest,United States,North America,BK-R50B-58,"Road-650 Black, 58",413.1463,699.0982
6/19/2016,1,Northwest,United States,North America,BK-R50R-48,"Road-650 Red, 48",413.1463,699.0982
6/21/2016,1,United Kingdom,United Kingdom,Europe,BK-R89R-44,"Road-250 Red, 44",1518.7864,2443.35
6/25/2016,1,France,France,Europe,BK-R89R-48,"Road-250 Red, 48",1518.7864,2443.35
6/27/2016,1,Australia,Australia,Pacific,BK-M68B-46,"Mountain-200 Black, 46",1105.81,2049.0982
07-02-2016,1,Australia,Australia,Pacific,BK-R89B-48,"Road-250 Black, 48",1320.6838,2181.5625
07-03-2016,1,Australia,Australia,Pacific,BK-M68S-42,"Mountain-200 Silver, 42",1117.8559,2071.4196
07-03-2016,1,Australia,Australia,Pacific,WB-H098,Water Bottle - 30 oz.,1.8663,4.99
07-03-2016,1,Australia,Australia,Pacific,BC-R205,Road Bottle Cage,3.3623,8.99
07-04-2016,1,Australia,Australia,Pacific,BK-M68S-46,"Mountain-200 Silver, 46",1117.8559,2071.4196
07-06-2016,1,United Kingdom,United Kingdom,Europe,TT-M928,Mountain Tire Tube,1.8663,4.99
07-07-2016,1,United Kingdom,United Kingdom,Europe,BK-M68B-38,"Mountain-200 Black, 38",1105.81,2049.0982
07-08-2016,1,Germany,Germany,Europe,BK-R64Y-38,"Road-550-W Yellow, 38",605.6492,1000.4375
07-08-2016,1,Australia,Australia,Pacific,BC-M005,Mountain Bottle Cage,3.7363,9.99
07-08-2016,1,Australia,Australia,Pacific,PK-7098,Patch Kit/8 Patches,0.8565,2.29
07-08-2016,1,Australia,Australia,Pacific,HY-1023-70,Hydration Pack - 70 oz.,20.5663,54.99
07-08-2016,1,United Kingdom,United Kingdom,Europe,PK-7098,Patch Kit/8 Patches,0.8565,2.29
07-09-2016,1,France,France,Europe,HL-U509,"Sport-100 Helmet, Black",12.0278,33.6442
07-11-2016,1,Southwest,United States,North America,WB-H098,Water Bottle - 30 oz.,1.8663,4.99
07-11-2016,1,Germany,Germany,Europe,LJ-0192-L,"Long-Sleeve Logo Jersey, L",31.7244,48.0673
07-12-2016,1,Southwest,United States,North America,BC-M005,Mountain Bottle Cage,3.7363,9.99
07-12-2016,1,France,France,Europe,BK-R64Y-48,"Road-550-W Yellow, 48",605.6492,1000.4375
7/13/2016,1,Southwest,United States,North America,BK-M68S-38,"Mountain-200 Silver, 38",1117.8559,2071.4196
7/13/2016,1,Australia,Australia,Pacific,BK-R89R-58,"Road-250 Red, 58",1320.6838,2181.5625
7/13/2016,1,Australia,Australia,Pacific,FE-6654,Fender Set - Mountain,8.2205,21.98
7/14/2016,1,Southwest,United States,North America,BK-R19B-48,"Road-750 Black, 48",343.6496,539.99
7/15/2016,1,Northwest,United States,North America,TI-R982,HL Road Tire,12.1924,32.6
7/15/2016,1,Southwest,United States,North America,BC-M005,Mountain Bottle Cage,3.7363,9.99
7/15/2016,1,France,France,Europe,RA-H123,Hitch Rack - 4-Bike,44.88,120
7/15/2016,1,France,France,Europe,TI-R982,HL Road Tire,12.1924,32.6
7/15/2016,1,United Kingdom,United Kingdom,Europe,CL-9009,Bike Wash - Dissolver,2.9733,7.95
7/16/2016,1,Northwest,United States,North America,CA-1098,AWC Logo Cap,5.7052,8.6442
7/19/2016,1,Southwest,United States,North America,TI-M823,HL Mountain Tire,13.09,35
7/22/2016,1,Northwest,United States,North America,WB-H098,Water Bottle - 30 oz.,1.8663,4.99
7/23/2016,1,Australia,Australia,Pacific,BK-R89B-52,"Road-250 Black, 52",1320.6838,2181.5625
7/23/2016,1,United Kingdom,United Kingdom,Europe,HL-U509-B,"Sport-100 Helmet, Blue",12.0278,33.6442
7/24/2016,1,United Kingdom,United Kingdom,Europe,WB-H098,Water Bottle - 30 oz.,1.8663,4.99
7/25/2016,1,Australia,Australia,Pacific,TI-M823,HL Mountain Tire,13.09,35
7/26/2016,1,Australia,Australia,Pacific,HY-1023-70,Hydration Pack - 70 oz.,20.5663,54.99
7/26/2016,1,Australia,Australia,Pacific,TT-M928,Mountain Tire Tube,1.8663,4.99
7/28/2016,1,France,France,Europe,BK-R89B-52,"Road-250 Black, 52",1320.6838,2181.5625
7/28/2016,1,Germany,Germany,Europe,FE-6654,Fender Set - Mountain,8.2205,21.98
7/29/2016,1,Germany,Germany,Europe,GL-H102-S,"Half-Finger Gloves, S",9.7136,23.5481
7/29/2016,1,Australia,Australia,Pacific,PK-7098,Patch Kit/8 Patches,0.8565,2.29
7/29/2016,1,Australia,Australia,Pacific,HY-1023-70,Hydration Pack - 70 oz.,20.5663,54.99
7/29/2016,1,United Kingdom,United Kingdom,Europe,PK-7098,Patch Kit/8 Patches,0.8565,2.29
7/30/2016,1,Germany,Germany,Europe,BK-R19B-44,"Road-750 Black, 44",343.6496,539.99
7/31/2016,1,Southwest,United States,North America,TI-R982,HL Road Tire,12.1924,32.6
7/31/2016,1,France,France,Europe,HL-U509-B,"Sport-100 Helmet, Blue",12.0278,33.6442
7/31/2016,1,Australia,Australia,Pacific,SJ-0194-M,"Short-Sleeve Classic Jersey, M",41.5723,53.99
08-01-2016,1,Southwest,United States,North America,HY-1023-70,Hydration Pack - 70 oz.,20.5663,54.99
08-01-2016,1,Australia,Australia,Pacific,ST-1401,All-Purpose Bike Stand,59.466,159
08-02-2016,1,Southwest,United States,North America,WB-H098,Water Bottle - 30 oz.,1.8663,4.99
08-02-2016,1,Canada,Canada,North America,WB-H098,Water Bottle - 30 oz.,1.8663,4.99
08-02-2016,1,Australia,Australia,Pacific,TI-R628,ML Road Tire,9.3463,24.99
08-03-2016,1,Canada,Canada,North America,LJ-0192-M,"Long-Sleeve Logo Jersey, M",31.7244,48.0673
08-03-2016,1,Canada,Canada,North America,TI-M823,HL Mountain Tire,13.09,35
08-03-2016,1,Canada,Canada,North America,TI-R982,HL Road Tire,12.1924,32.6
08-04-2016,1,Northwest,United States,North America,BC-M005,Mountain Bottle Cage,3.7363,9.99
08-05-2016,1,Southwest,United States,North America,CL-9009,Bike Wash - Dissolver,2.9733,7.95
08-05-2016,1,Southwest,United States,North America,TT-M928,Mountain Tire Tube,1.8663,4.99
08-05-2016,1,Canada,Canada,North America,HL-U509-B,"Sport-100 Helmet, Blue",12.0278,33.6442
08-06-2016,1,Germany,Germany,Europe,TT-R982,Road Tire Tube,1.4923,3.99
08-07-2016,1,Canada,Canada,North America,PK-7098,Patch Kit/8 Patches,0.8565,2.29
08-07-2016,1,Australia,Australia,Pacific,BK-R89B-48,"Road-250 Black, 48",1320.6838,2181.5625
08-07-2016,1,Australia,Australia,Pacific,PK-7098,Patch Kit/8 Patches,0.8565,2.29
08-07-2016,1,United Kingdom,United Kingdom,Europe,BC-R205,Road Bottle Cage,3.3623,8.99
08-07-2016,1,United Kingdom,United Kingdom,Europe,TI-M823,HL Mountain Tire,13.09,35
08-08-2016,1,Northwest,United States,North America,TI-M602,ML Mountain Tire,11.2163,29.99
08-08-2016,1,United Kingdom,United Kingdom,Europe,BK-R89R-58,"Road-250 Red, 58",1320.6838,2181.5625
08-09-2016,1,Australia,Australia,Pacific,BK-R89B-44,"Road-250 Black, 44",1320.6838,2181.5625
08-09-2016,1,Australia,Australia,Pacific,TI-M267,LL Mountain Tire,9.3463,24.99
08-09-2016,1,Australia,Australia,Pacific,TI-R982,HL Road Tire,12.1924,32.6
08-10-2016,1,France,France,Europe,WB-H098,Water Bottle - 30 oz.,1.8663,4.99
08-10-2016,1,Australia,Australia,Pacific,HL-U509-B,"Sport-100 Helmet, Blue",12.0278,33.6442
08-11-2016,1,Southwest,United States,North America,BK-R64Y-42,"Road-550-W Yellow, 42",605.6492,1000.4375
08-11-2016,1,Canada,Canada,North America,WB-H098,Water Bottle - 30 oz.,1.8663,4.99
08-11-2016,1,Australia,Australia,Pacific,TT-M928,Mountain Tire Tube,1.8663,4.99
08-12-2016,1,Northwest,United States,North America,TT-M928,Mountain Tire Tube,1.8663,4.99
08-12-2016,1,Southwest,United States,North America,TT-R982,Road Tire Tube,1.4923,3.99
08-12-2016,1,Southwest,United States,North America,TI-M267,LL Mountain Tire,9.3463,24.99
08-12-2016,1,Canada,Canada,North America,PK-7098,Patch Kit/8 Patches,0.8565,2.29
08-12-2016,1,Germany,Germany,Europe,WB-H098,Water Bottle - 30 oz.,1.8663,4.99
08-12-2016,1,United Kingdom,United Kingdom,Europe,GL-H102-M,"Half-Finger Gloves, M",9.7136,23.5481
08-12-2016,1,United Kingdom,United Kingdom,Europe,BK-T18U-54,"Touring-3000 Blue, 54",461.4448,742.35
8/13/2016,1,Northwest,United States,North America,BK-R64Y-44,"Road-550-W Yellow, 44",605.6492,1000.4375
8/13/2016,1,Southwest,United States,North America,BC-M005,Mountain Bottle Cage,3.7363,9.99
8/13/2016,1,Southwest,United States,North America,HY-1023-70,Hydration Pack - 70 oz.,20.5663,54.99
8/13/2016,1,Canada,Canada,North America,TT-R982,Road Tire Tube,1.4923,3.99
8/13/2016,1,United Kingdom,United Kingdom,Europe,BK-M38S-46,"Mountain-400-W Silver, 46",419.7784,769.49
8/14/2016,1,Canada,Canada,North America,LJ-0192-X,"Long-Sleeve Logo Jersey, XL",31.7244,48.0673
8/14/2016,1,France,France,Europe,TI-R092,LL Road Tire,8.0373,21.49
8/14/2016,1,Germany,Germany,Europe,HL-U509-R,"Sport-100 Helmet, Red",13.0863,34.99
8/14/2016,1,Germany,Germany,Europe,LJ-0192-S,"Long-Sleeve Logo Jersey, S",31.7244,48.0673
8/14/2016,1,Germany,Germany,Europe,TT-T092,Touring Tire Tube,1.8663,4.99
8/14/2016,1,United Kingdom,United Kingdom,Europe,HL-U509,"Sport-100 Helmet, Black",12.0278,33.6442
8/15/2016,1,Northwest,United States,North America,TT-M928,Mountain Tire Tube,1.8663,4.99
8/15/2016,1,Northwest,United States,North America,TT-R982,Road Tire Tube,1.4923,3.99
8/15/2016,1,Northwest,United States,North America,TI-M602,ML Mountain Tire,11.2163,29.99
8/15/2016,1,Canada,Canada,North America,LJ-0192-M,"Long-Sleeve Logo Jersey, M",31.7244,48.0673
8/15/2016,1,Canada,Canada,North America,BC-M005,Mountain Bottle Cage,3.7363,9.99
8/15/2016,1,Germany,Germany,Europe,TI-R092,LL Road Tire,8.0373,21.49
8/15/2016,1,United Kingdom,United Kingdom,Europe,LJ-0192-S,"Long-Sleeve Logo Jersey, S",31.7244,48.0673
8/16/2016,1,Southwest,United States,North America,BK-M68S-46,"Mountain-200 Silver, 46",1117.8559,2071.4196
8/16/2016,1,Southwest,United States,North America,FE-6654,Fender Set - Mountain,8.2205,21.98
8/16/2016,1,Canada,Canada,North America,BC-M005,Mountain Bottle Cage,3.7363,9.99
8/17/2016,1,Southwest,United States,North America,HL-U509-B,"Sport-100 Helmet, Blue",12.0278,33.6442
8/17/2016,1,France,France,Europe,TI-R628,ML Road Tire,9.3463,24.99
8/17/2016,1,Australia,Australia,Pacific,TT-R982,Road Tire Tube,1.4923,3.99
8/18/2016,1,Northwest,United States,North America,BK-M68B-42,"Mountain-200 Black, 42",1105.81,2049.0982
8/18/2016,1,France,France,Europe,WB-H098,Water Bottle - 30 oz.,1.8663,4.99
8/18/2016,1,France,France,Europe,BC-M005,Mountain Bottle Cage,3.7363,9.99
8/19/2016,2,Southwest,United States,North America,WB-H098,Water Bottle - 30 oz.,1.8663,4.99
8/19/2016,1,France,France,Europe,TI-R982,HL Road Tire,12.1924,32.6
8/19/2016,1,Germany,Germany,Europe,CA-1098,AWC Logo Cap,5.7052,8.6442
8/20/2016,1,Southwest,United States,North America,TT-R982,Road Tire Tube,1.4923,3.99
8/20/2016,1,Germany,Germany,Europe,HL-U509-B,"Sport-100 Helmet, Blue",12.0278,33.6442
8/20/2016,1,Australia,Australia,Pacific,LJ-0192-M,"Long-Sleeve Logo Jersey, M",31.7244,48.0673
8/20/2016,1,Australia,Australia,Pacific,TT-R982,Road Tire Tube,1.4923,3.99
8/20/2016,1,Australia,Australia,Pacific,TT-T092,Touring Tire Tube,1.8663,4.99
8/21/2016,1,Northwest,United States,North America,HL-U509-R,"Sport-100 Helmet, Red",13.0863,34.99
8/21/2016,1,Germany,Germany,Europe,HL-U509-R,"Sport-100 Helmet, Red",13.0863,34.99
8/22/2016,1,Southwest,United States,North America,HL-U509-B,"Sport-100 Helmet, Blue",12.0278,33.6442
8/23/2016,1,Southwest,United States,North America,WB-H098,Water Bottle - 30 oz.,1.8663,4.99
8/23/2016,1,United Kingdom,United Kingdom,Europe,BK-M68B-46,"Mountain-200 Black, 46",1105.81,2049.0982
8/24/2016,1,Northwest,United States,North America,ST-1401,All-Purpose Bike Stand,59.466,159
8/24/2016,1,Northwest,United States,North America,TI-M267,LL Mountain Tire,9.3463,24.99
8/24/2016,1,Southwest,United States,North America,BC-M005,Mountain Bottle Cage,3.7363,9.99
8/24/2016,1,Southwest,United States,North America,PK-7098,Patch Kit/8 Patches,0.8565,2.29
8/24/2016,1,Southwest,United States,North America,ST-1401,All-Purpose Bike Stand,59.466,159
8/24/2016,1,Southwest,United States,North America,TT-M928,Mountain Tire Tube,1.8663,4.99
8/24/2016,1,Canada,Canada,North America,BC-M005,Mountain Bottle Cage,3.7363,9.99
8/24/2016,1,Australia,Australia,Pacific,HL-U509-R,"Sport-100 Helmet, Red",13.0863,34.99
8/24/2016,1,Australia,Australia,Pacific,PK-7098,Patch Kit/8 Patches,0.8565,2.29
8/24/2016,1,United Kingdom,United Kingdom,Europe,PK-7098,Patch Kit/8 Patches,0.8565,2.29
8/25/2016,1,Southwest,United States,North America,HL-U509,"Sport-100 Helmet, Black",12.0278,33.6442
8/25/2016,1,Southwest,United States,North America,LJ-0192-L,"Long-Sleeve Logo Jersey, L",31.7244,48.0673
8/25/2016,1,Southwest,United States,North America,BK-T18U-54,"Touring-3000 Blue, 54",461.4448,742.35
8/25/2016,1,France,France,Europe,HY-1023-70,Hydration Pack - 70 oz.,20.5663,54.99
8/25/2016,1,France,France,Europe,TT-R982,Road Tire Tube,1.4923,3.99
8/25/2016,1,Australia,Australia,Pacific,TI-R982,HL Road Tire,12.1924,32.6
8/26/2016,1,Northwest,United States,North America,SH-W890-L,"Women's Mountain Shorts, L",26.1763,69.99
8/26/2016,1,France,France,Europe,BK-M68B-46,"Mountain-200 Black, 46",1105.81,2049.0982
8/26/2016,1,Australia,Australia,Pacific,LJ-0192-S,"Long-Sleeve Logo Jersey, S",31.7244,48.0673
8/26/2016,1,Australia,Australia,Pacific,GL-H102-L,"Half-Finger Gloves, L",9.7136,23.5481
8/27/2016,1,Canada,Canada,North America,WB-H098,Water Bottle - 30 oz.,1.8663,4.99
8/27/2016,1,Germany,Germany,Europe,WB-H098,Water Bottle - 30 oz.,1.8663,4.99
8/28/2016,1,Northwest,United States,North America,TI-R982,HL Road Tire,12.1924,32.6
8/28/2016,1,Southwest,United States,North America,BK-T79U-54,"Touring-1000 Blue, 54",1481.9379,2384.07
8/28/2016,1,Canada,Canada,North America,CA-1098,AWC Logo Cap,5.7052,8.6442
8/28/2016,1,Canada,Canada,North America,WB-H098,Water Bottle - 30 oz.,1.8663,4.99
8/29/2016,1,Southwest,United States,North America,WB-H098,Water Bottle - 30 oz.,1.8663,4.99
8/29/2016,1,Southwest,United States,North America,SJ-0194-M,"Short-Sleeve Classic Jersey, M",41.5723,53.99
8/29/2016,1,France,France,Europe,WB-H098,Water Bottle - 30 oz.,1.8663,4.99
8/29/2016,1,France,France,Europe,TT-R982,Road Tire Tube,1.4923,3.99
8/30/2016,1,Northwest,United States,North America,WB-H098,Water Bottle - 30 oz.,1.8663,4.99
8/30/2016,2,Northwest,United States,North America,PK-7098,Patch Kit/8 Patches,0.8565,2.29
8/30/2016,1,Southwest,United States,North America,GL-H102-M,"Half-Finger Gloves, M",9.7136,23.5481
8/30/2016,1,Canada,Canada,North America,SO-R809-L,"Racing Socks, L",3.3623,8.99
8/30/2016,1,Canada,Canada,North America,TT-M928,Mountain Tire Tube,1.8663,4.99
8/30/2016,1,France,France,Europe,TI-R628,ML Road Tire,9.3463,24.99
8/30/2016,1,Australia,Australia,Pacific,BC-R205,Road Bottle Cage,3.3623,8.99
8/30/2016,1,Australia,Australia,Pacific,TT-R982,Road Tire Tube,1.4923,3.99
8/30/2016,1,United Kingdom,United Kingdom,Europe,TT-T092,Touring Tire Tube,1.8663,4.99
8/31/2016,1,Northwest,United States,North America,PK-7098,Patch Kit/8 Patches,0.8565,2.29
8/31/2016,1,Northwest,United States,North America,BK-T18Y-44,"Touring-3000 Yellow, 44",461.4448,742.35
8/31/2016,1,France,France,Europe,TT-T092,Touring Tire Tube,1.8663,4.99
8/31/2016,1,Australia,Australia,Pacific,PK-7098,Patch Kit/8 Patches,0.8565,2.29
09-01-2016,1,Northwest,United States,North America,HL-U509-B,"Sport-100 Helmet, Blue",12.0278,33.6442
09-01-2016,1,Canada,Canada,North America,TI-M267,LL Mountain Tire,9.3463,24.99
09-02-2016,1,France,France,Europe,BC-M005,Mountain Bottle Cage,3.7363,9.99
09-02-2016,1,Australia,Australia,Pacific,BK-R64Y-42,"Road-550-W Yellow, 42",605.6492,1000.4375
09-03-2016,1,Northwest,United States,North America,WB-H098,Water Bottle - 30 oz.,1.8663,4.99
09-03-2016,1,Northwest,United States,North America,TI-R092,LL Road Tire,8.0373,21.49
09-03-2016,1,Southwest,United States,North America,GL-H102-L,"Half-Finger Gloves, L",9.7136,23.5481
09-03-2016,1,Canada,Canada,North America,BK-T79U-50,"Touring-1000 Blue, 50",1481.9379,2384.07
09-03-2016,1,Australia,Australia,Pacific,BK-M68B-46,"Mountain-200 Black, 46",1105.81,2049.0982
09-03-2016,1,Australia,Australia,Pacific,PK-7098,Patch Kit/8 Patches,0.8565,2.29
09-03-2016,1,Australia,Australia,Pacific,TT-M928,Mountain Tire Tube,1.8663,4.99
09-03-2016,1,Australia,Australia,Pacific,BK-T79Y-46,"Touring-1000 Yellow, 46",1481.9379,2384.07
09-04-2016,1,Canada,Canada,North America,WB-H098,Water Bottle - 30 oz.,1.8663,4.99
09-04-2016,1,Canada,Canada,North America,TI-T723,Touring Tire,10.8423,28.99
09-04-2016,1,France,France,Europe,TT-M928,Mountain Tire Tube,1.8663,4.99
09-04-2016,1,United Kingdom,United Kingdom,Europe,CL-9009,Bike Wash - Dissolver,2.9733,7.95
09-05-2016,1,Northwest,United States,North America,WB-H098,Water Bottle - 30 oz.,1.8663,4.99
09-05-2016,1,Southwest,United States,North America,BK-M68B-46,"Mountain-200 Black, 46",1105.81,2049.0982
09-05-2016,1,Southwest,United States,North America,TI-M823,HL Mountain Tire,13.09,35
09-05-2016,1,Canada,Canada,North America,HL-U509-B,"Sport-100 Helmet, Blue",12.0278,33.6442
09-05-2016,1,Australia,Australia,Pacific,WB-H098,Water Bottle - 30 oz.,1.8663,4.99
09-05-2016,1,Australia,Australia,Pacific,FE-6654,Fender Set - Mountain,8.2205,21.98
09-06-2016,1,Northwest,United States,North America,HL-U509-R,"Sport-100 Helmet, Red",13.0863,34.99
09-06-2016,1,Southwest,United States,North America,WB-H098,Water Bottle - 30 oz.,1.8663,4.99
09-06-2016,1,Southwest,United States,North America,BC-M005,Mountain Bottle Cage,3.7363,9.99
09-06-2016,1,Germany,Germany,Europe,BK-T79Y-50,"Touring-1000 Yellow, 50",1481.9379,2384.07
09-06-2016,1,Australia,Australia,Pacific,PK-7098,Patch Kit/8 Patches,0.8565,2.29
09-06-2016,1,United Kingdom,United Kingdom,Europe,CA-1098,AWC Logo Cap,5.7052,8.6442
09-07-2016,1,Southwest,United States,North America,HL-U509-B,"Sport-100 Helmet, Blue",12.0278,33.6442
09-07-2016,1,Australia,Australia,Pacific,BK-M68B-38,"Mountain-200 Black, 38",1105.81,2049.0982
09-08-2016,1,Canada,Canada,North America,SH-W890-M,"Women's Mountain Shorts, M",26.1763,69.99
09-08-2016,1,Australia,Australia,Pacific,BK-M68B-42,"Mountain-200 Black, 42",1105.81,2049.0982
09-08-2016,1,Australia,Australia,Pacific,TI-R092,LL Road Tire,8.0373,21.49
09-09-2016,1,Southwest,United States,North America,WB-H098,Water Bottle - 30 oz.,1.8663,4.99
09-09-2016,1,France,France,Europe,WB-H098,Water Bottle - 30 oz.,1.8663,4.99
09-09-2016,1,France,France,Europe,BC-M005,Mountain Bottle Cage,3.7363,9.99
09-09-2016,1,Germany,Germany,Europe,PK-7098,Patch Kit/8 Patches,0.8565,2.29
09-10-2016,1,Australia,Australia,Pacific,BK-R64Y-42,"Road-550-W Yellow, 42",605.6492,1000.4375
09-10-2016,1,Australia,Australia,Pacific,TT-M928,Mountain Tire Tube,1.8663,4.99
09-10-2016,1,United Kingdom,United Kingdom,Europe,SJ-0194-M,"Short-Sleeve Classic Jersey, M",41.5723,53.99
09-10-2016,1,United Kingdom,United Kingdom,Europe,TT-R982,Road Tire Tube,1.4923,3.99
09-11-2016,1,Germany,Germany,Europe,TI-R092,LL Road Tire,8.0373,21.49
09-11-2016,1,Australia,Australia,Pacific,PK-7098,Patch Kit/8 Patches,0.8565,2.29
09-11-2016,1,United Kingdom,United Kingdom,Europe,BK-R64Y-48,"Road-550-W Yellow, 48",605.6492,1000.4375
09-12-2016,1,Southwest,United States,North America,HL-U509-R,"Sport-100 Helmet, Red",13.0863,34.99
09-12-2016,1,Canada,Canada,North America,TI-M602,ML Mountain Tire,11.2163,29.99
9/13/2016,1,Southwest,United States,North America,BK-M68B-38,"Mountain-200 Black, 38",1105.81,2049.0982
9/13/2016,1,Southwest,United States,North America,SH-W890-S,"Women's Mountain Shorts, S",26.1763,69.99
9/13/2016,1,Canada,Canada,North America,WB-H098,Water Bottle - 30 oz.,1.8663,4.99
9/13/2016,1,France,France,Europe,WB-H098,Water Bottle - 30 oz.,1.8663,4.99
9/13/2016,1,Australia,Australia,Pacific,BC-M005,Mountain Bottle Cage,3.7363,9.99
9/13/2016,1,United Kingdom,United Kingdom,Europe,CA-1098,AWC Logo Cap,5.7052,8.6442
9/14/2016,1,United Kingdom,United Kingdom,Europe,TI-M823,HL Mountain Tire,13.09,35
9/14/2016,1,United Kingdom,United Kingdom,Europe,BK-T79U-60,"Touring-1000 Blue, 60",1481.9379,2384.07
9/15/2016,1,Northwest,United States,North America,BK-R64Y-44,"Road-550-W Yellow, 44",605.6492,1000.4375
9/15/2016,1,Canada,Canada,North America,HL-U509,"Sport-100 Helmet, Black",12.0278,33.6442
9/15/2016,1,Canada,Canada,North America,BC-R205,Road Bottle Cage,3.3623,8.99
9/15/2016,1,Canada,Canada,North America,TT-R982,Road Tire Tube,1.4923,3.99
9/15/2016,1,United Kingdom,United Kingdom,Europe,TT-R982,Road Tire Tube,1.4923,3.99
9/15/2016,1,United Kingdom,United Kingdom,Europe,TT-T092,Touring Tire Tube,1.8663,4.99
9/16/2016,1,Northwest,United States,North America,BC-M005,Mountain Bottle Cage,3.7363,9.99
9/16/2016,1,Northwest,United States,North America,TI-M823,HL Mountain Tire,13.09,35
9/16/2016,1,Southwest,United States,North America,WB-H098,Water Bottle - 30 oz.,1.8663,4.99
9/16/2016,2,Canada,Canada,North America,BC-M005,Mountain Bottle Cage,3.7363,9.99
9/16/2016,1,Canada,Canada,North America,TT-R982,Road Tire Tube,1.4923,3.99
9/17/2016,1,Southwest,United States,North America,GL-H102-M,"Half-Finger Gloves, M",9.7136,23.5481
9/17/2016,1,Canada,Canada,North America,GL-H102-M,"Half-Finger Gloves, M",9.7136,23.5481
9/17/2016,1,Germany,Germany,Europe,HL-U509-R,"Sport-100 Helmet, Red",13.0863,34.99
9/18/2016,1,Northwest,United States,North America,TI-R982,HL Road Tire,12.1924,32.6
9/18/2016,1,Germany,Germany,Europe,BK-R89B-44,"Road-250 Black, 44",1320.6838,2181.5625
9/18/2016,1,Australia,Australia,Pacific,TT-R982,Road Tire Tube,1.4923,3.99
9/19/2016,1,Northwest,United States,North America,HL-U509-B,"Sport-100 Helmet, Blue",12.0278,33.6442
9/19/2016,1,Northwest,United States,North America,BK-R64Y-48,"Road-550-W Yellow, 48",605.6492,1000.4375
9/19/2016,1,Northwest,United States,North America,TT-M928,Mountain Tire Tube,1.8663,4.99
9/19/2016,1,Canada,Canada,North America,TI-R092,LL Road Tire,8.0373,21.49
9/19/2016,1,United Kingdom,United Kingdom,Europe,BK-R79Y-42,"Road-350-W Yellow, 42",1082.51,1700.99
9/20/2016,1,Canada,Canada,North America,BK-R64Y-44,"Road-550-W Yellow, 44",605.6492,1000.4375
9/20/2016,1,Canada,Canada,North America,BC-R205,Road Bottle Cage,3.3623,8.99
9/20/2016,1,United Kingdom,United Kingdom,Europe,WB-H098,Water Bottle - 30 oz.,1.8663,4.99
9/20/2016,1,United Kingdom,United Kingdom,Europe,TI-R092,LL Road Tire,8.0373,21.49
9/21/2016,1,Northwest,United States,North America,TI-R092,LL Road Tire,8.0373,21.49
9/21/2016,1,Southwest,United States,North America,WB-H098,Water Bottle - 30 oz.,1.8663,4.99
9/21/2016,1,France,France,Europe,PK-7098,Patch Kit/8 Patches,0.8565,2.29
9/21/2016,1,France,France,Europe,TT-R982,Road Tire Tube,1.4923,3.99
9/22/2016,1,Southwest,United States,North America,TI-M267,LL Mountain Tire,9.3463,24.99
9/23/2016,1,Southwest,United States,North America,WB-H098,Water Bottle - 30 oz.,1.8663,4.99
9/23/2016,1,Canada,Canada,North America,GL-H102-M,"Half-Finger Gloves, M",9.7136,23.5481
9/23/2016,1,Germany,Germany,Europe,SJ-0194-X,"Short-Sleeve Classic Jersey, XL",41.5723,53.99
9/23/2016,1,United Kingdom,United Kingdom,Europe,TI-T723,Touring Tire,10.8423,28.99
9/23/2016,1,United Kingdom,United Kingdom,Europe,BK-T79Y-46,"Touring-1000 Yellow, 46",1481.9379,2384.07
9/24/2016,1,Northwest,United States,North America,LJ-0192-L,"Long-Sleeve Logo Jersey, L",31.7244,48.0673
9/24/2016,1,Northwest,United States,North America,TI-M267,LL Mountain Tire,9.3463,24.99
9/24/2016,1,Canada,Canada,North America,SH-W890-S,"Women's Mountain Shorts, S",26.1763,69.99
9/24/2016,1,United Kingdom,United Kingdom,Europe,HL-U509,"Sport-100 Helmet, Black",12.0278,33.6442
9/25/2016,1,Northwest,United States,North America,TI-R628,ML Road Tire,9.3463,24.99
9/25/2016,1,France,France,Europe,TT-M928,Mountain Tire Tube,1.8663,4.99
9/26/2016,1,Northwest,United States,North America,RA-H123,Hitch Rack - 4-Bike,44.88,120
9/26/2016,1,Northwest,United States,North America,TI-R092,LL Road Tire,8.0373,21.49
9/26/2016,1,Northwest,United States,North America,BK-M18S-44,"Mountain-500 Silver, 44",308.2179,564.99
9/26/2016,1,Southwest,United States,North America,WB-H098,Water Bottle - 30 oz.,1.8663,4.99
9/26/2016,1,Southwest,United States,North America,FE-6654,Fender Set - Mountain,8.2205,21.98
9/26/2016,1,Canada,Canada,North America,HL-U509,"Sport-100 Helmet, Black",12.0278,33.6442
9/26/2016,1,Germany,Germany,Europe,TT-R982,Road Tire Tube,1.4923,3.99
9/26/2016,1,Germany,Germany,Europe,TI-M602,ML Mountain Tire,11.2163,29.99
9/26/2016,1,Germany,Germany,Europe,BK-R79Y-44,"Road-350-W Yellow, 44",1082.51,1700.99
9/26/2016,1,Australia,Australia,Pacific,SJ-0194-S,"Short-Sleeve Classic Jersey, S",41.5723,53.99
9/27/2016,1,Germany,Germany,Europe,TT-M928,Mountain Tire Tube,1.8663,4.99
9/27/2016,1,United Kingdom,United Kingdom,Europe,LJ-0192-L,"Long-Sleeve Logo Jersey, L",31.7244,48.0673
9/28/2016,1,Northwest,United States,North America,WB-H098,Water Bottle - 30 oz.,1.8663,4.99
9/28/2016,1,Canada,Canada,North America,TT-M928,Mountain Tire Tube,1.8663,4.99
9/28/2016,1,Germany,Germany,Europe,LJ-0192-M,"Long-Sleeve Logo Jersey, M",31.7244,48.0673
9/28/2016,1,Australia,Australia,Pacific,CA-1098,AWC Logo Cap,5.7052,8.6442
9/29/2016,1,Canada,Canada,North America,TT-M928,Mountain Tire Tube,1.8663,4.99
9/29/2016,1,United Kingdom,United Kingdom,Europe,TI-R982,HL Road Tire,12.1924,32.6
9/30/2016,1,Northwest,United States,North America,VE-C304-S,"Classic Vest, S",23.749,63.5
9/30/2016,1,Southwest,United States,North America,BK-R19B-48,"Road-750 Black, 48",343.6496,539.99
9/30/2016,2,Canada,Canada,North America,TT-M928,Mountain Tire Tube,1.8663,4.99
9/30/2016,1,Germany,Germany,Europe,TI-R092,LL Road Tire,8.0373,21.49
9/30/2016,1,Australia,Australia,Pacific,BK-R19B-48,"Road-750 Black, 48",343.6496,539.99
9/30/2016,1,United Kingdom,United Kingdom,Europe,TT-M928,Mountain Tire Tube,1.8663,4.99
10-01-2016,1,Southwest,United States,North America,BC-M005,Mountain Bottle Cage,3.7363,9.99
10-01-2016,1,Canada,Canada,North America,LJ-0192-L,"Long-Sleeve Logo Jersey, L",31.7244,48.0673
10-01-2016,1,United Kingdom,United Kingdom,Europe,BK-M68B-38,"Mountain-200 Black, 38",1105.81,2049.0982
10-01-2016,1,United Kingdom,United Kingdom,Europe,WB-H098,Water Bottle - 30 oz.,1.8663,4.99
10-01-2016,1,United Kingdom,United Kingdom,Europe,TT-M928,Mountain Tire Tube,1.8663,4.99
10-02-2016,1,Northwest,United States,North America,PK-7098,Patch Kit/8 Patches,0.8565,2.29
10-02-2016,1,Northwest,United States,North America,TI-M267,LL Mountain Tire,9.3463,24.99
10-02-2016,1,Southwest,United States,North America,HL-U509-R,"Sport-100 Helmet, Red",13.0863,34.99
10-02-2016,1,Southwest,United States,North America,TT-R982,Road Tire Tube,1.4923,3.99
10-02-2016,1,Australia,Australia,Pacific,HL-U509,"Sport-100 Helmet, Black",12.0278,33.6442
10-02-2016,1,United Kingdom,United Kingdom,Europe,TT-R982,Road Tire Tube,1.4923,3.99
10-03-2016,1,Germany,Germany,Europe,BK-M68S-38,"Mountain-200 Silver, 38",1117.8559,2071.4196
10-04-2016,1,Southwest,United States,North America,BC-R205,Road Bottle Cage,3.3623,8.99
10-04-2016,1,Southwest,United States,North America,HY-1023-70,Hydration Pack - 70 oz.,20.5663,54.99
10-04-2016,1,Canada,Canada,North America,PK-7098,Patch Kit/8 Patches,0.8565,2.29
10-04-2016,1,Australia,Australia,Pacific,HL-U509-R,"Sport-100 Helmet, Red",13.0863,34.99
10-05-2016,1,Northwest,United States,North America,FE-6654,Fender Set - Mountain,8.2205,21.98
10-05-2016,1,Canada,Canada,North America,PK-7098,Patch Kit/8 Patches,0.8565,2.29
10-05-2016,1,United Kingdom,United Kingdom,Europe,GL-H102-L,"Half-Finger Gloves, L",9.7136,23.5481
10-06-2016,1,Southwest,United States,North America,FE-6654,Fender Set - Mountain,8.2205,21.98
10-06-2016,1,Australia,Australia,Pacific,CA-1098,AWC Logo Cap,5.7052,8.6442
10-06-2016,1,Australia,Australia,Pacific,BK-M68B-42,"Mountain-200 Black, 42",1105.81,2049.0982
10-06-2016,1,Australia,Australia,Pacific,WB-H098,Water Bottle - 30 oz.,1.8663,4.99
10-06-2016,1,Australia,Australia,Pacific,BC-M005,Mountain Bottle Cage,3.7363,9.99
10-06-2016,1,Australia,Australia,Pacific,SJ-0194-S,"Short-Sleeve Classic Jersey, S",41.5723,53.99
10-07-2016,1,Canada,Canada,North America,TI-R092,LL Road Tire,8.0373,21.49
10-07-2016,1,United Kingdom,United Kingdom,Europe,LJ-0192-X,"Long-Sleeve Logo Jersey, XL",31.7244,48.0673
10-08-2016,1,Northwest,United States,North America,TI-M602,ML Mountain Tire,11.2163,29.99
10-08-2016,1,Southwest,United States,North America,WB-H098,Water Bottle - 30 oz.,1.8663,4.99
10-08-2016,1,Australia,Australia,Pacific,PK-7098,Patch Kit/8 Patches,0.8565,2.29
10-08-2016,1,Australia,Australia,Pacific,TI-R982,HL Road Tire,12.1924,32.6
10-09-2016,1,Northwest,United States,North America,CA-1098,AWC Logo Cap,5.7052,8.6442
10-09-2016,1,Northwest,United States,North America,BC-M005,Mountain Bottle Cage,3.7363,9.99
10-09-2016,1,Southwest,United States,North America,CA-1098,AWC Logo Cap,5.7052,8.6442
10-09-2016,1,France,France,Europe,LJ-0192-M,"Long-Sleeve Logo Jersey, M",31.7244,48.0673
10-09-2016,1,France,France,Europe,TT-T092,Touring Tire Tube,1.8663,4.99
10-09-2016,1,Germany,Germany,Europe,LJ-0192-X,"Long-Sleeve Logo Jersey, XL",31.7244,48.0673
10-09-2016,1,Australia,Australia,Pacific,WB-H098,Water Bottle - 30 oz.,1.8663,4.99
10-09-2016,1,United Kingdom,United Kingdom,Europe,GL-H102-M,"Half-Finger Gloves, M",9.7136,23.5481
10-09-2016,1,United Kingdom,United Kingdom,Europe,PK-7098,Patch Kit/8 Patches,0.8565,2.29
10-09-2016,1,United Kingdom,United Kingdom,Europe,TT-R982,Road Tire Tube,1.4923,3.99
10-10-2016,1,Southwest,United States,North America,LJ-0192-L,"Long-Sleeve Logo Jersey, L",31.7244,48.0673
10-10-2016,1,Southwest,United States,North America,GL-H102-M,"Half-Finger Gloves, M",9.7136,23.5481
10-10-2016,1,Southwest,United States,North America,TI-M823,HL Mountain Tire,13.09,35
10-10-2016,1,Australia,Australia,Pacific,BC-M005,Mountain Bottle Cage,3.7363,9.99
10-10-2016,1,Australia,Australia,Pacific,TT-R982,Road Tire Tube,1.4923,3.99
10-10-2016,1,Australia,Australia,Pacific,TI-M267,LL Mountain Tire,9.3463,24.99
10-10-2016,1,United Kingdom,United Kingdom,Europe,BC-R205,Road Bottle Cage,3.3623,8.99
10-10-2016,1,United Kingdom,United Kingdom,Europe,TI-M267,LL Mountain Tire,9.3463,24.99
10-11-2016,1,Northwest,United States,North America,BK-R79Y-40,"Road-350-W Yellow, 40",1082.51,1700.99
10-11-2016,1,Southwest,United States,North America,TT-M928,Mountain Tire Tube,1.8663,4.99
10-11-2016,1,Canada,Canada,North America,BK-M18B-52,"Mountain-500 Black, 52",294.5797,539.99
10-11-2016,1,Australia,Australia,Pacific,TT-T092,Touring Tire Tube,1.8663,4.99
10-12-2016,1,Canada,Canada,North America,SH-W890-L,"Women's Mountain Shorts, L",26.1763,69.99
10-12-2016,1,Canada,Canada,North America,TI-M823,HL Mountain Tire,13.09,35
10-12-2016,1,Canada,Canada,North America,TI-R628,ML Road Tire,9.3463,24.99
10-12-2016,1,Australia,Australia,Pacific,BK-M68B-42,"Mountain-200 Black, 42",1105.81,2049.0982
10-12-2016,1,United Kingdom,United Kingdom,Europe,HL-U509-R,"Sport-100 Helmet, Red",13.0863,34.99
10-12-2016,1,United Kingdom,United Kingdom,Europe,HL-U509,"Sport-100 Helmet, Black",12.0278,33.6442
10/13/2016,1,Australia,Australia,Pacific,CA-1098,AWC Logo Cap,5.7052,8.6442
10/13/2016,1,Australia,Australia,Pacific,BK-R64Y-40,"Road-550-W Yellow, 40",605.6492,1000.4375
10/13/2016,1,United Kingdom,United Kingdom,Europe,TI-R982,HL Road Tire,12.1924,32.6
10/14/2016,1,Northwest,United States,North America,BK-R79Y-42,"Road-350-W Yellow, 42",1082.51,1700.99
10/14/2016,1,Southwest,United States,North America,HL-U509,"Sport-100 Helmet, Black",12.0278,33.6442
10/14/2016,1,Australia,Australia,Pacific,WB-H098,Water Bottle - 30 oz.,1.8663,4.99
10/15/2016,1,Northwest,United States,North America,BK-R19B-44,"Road-750 Black, 44",343.6496,539.99
10/15/2016,1,United Kingdom,United Kingdom,Europe,BK-M68S-38,"Mountain-200 Silver, 38",1117.8559,2071.4196
10/16/2016,1,Southwest,United States,North America,BC-R205,Road Bottle Cage,3.3623,8.99
10/16/2016,1,Southwest,United States,North America,FE-6654,Fender Set - Mountain,8.2205,21.98
10/16/2016,1,Australia,Australia,Pacific,SJ-0194-M,"Short-Sleeve Classic Jersey, M",41.5723,53.99
10/16/2016,1,United Kingdom,United Kingdom,Europe,BK-R64Y-38,"Road-550-W Yellow, 38",605.6492,1000.4375
10/17/2016,1,Canada,Canada,North America,PK-7098,Patch Kit/8 Patches,0.8565,2.29
10/17/2016,1,Germany,Germany,Europe,TT-T092,Touring Tire Tube,1.8663,4.99
10/17/2016,1,Australia,Australia,Pacific,FE-6654,Fender Set - Mountain,8.2205,21.98
10/17/2016,1,Australia,Australia,Pacific,TI-R092,LL Road Tire,8.0373,21.49
10/18/2016,1,France,France,Europe,SO-R809-L,"Racing Socks, L",3.3623,8.99
10/19/2016,1,Southwest,United States,North America,BK-M38S-42,"Mountain-400-W Silver, 42",419.7784,769.49
10/19/2016,1,Australia,Australia,Pacific,HL-U509-B,"Sport-100 Helmet, Blue",12.0278,33.6442
10/19/2016,1,Australia,Australia,Pacific,BK-M68S-42,"Mountain-200 Silver, 42",1117.8559,2071.4196
10/20/2016,1,Northwest,United States,North America,GL-H102-L,"Half-Finger Gloves, L",9.7136,23.5481
10/20/2016,1,Northwest,United States,North America,PK-7098,Patch Kit/8 Patches,0.8565,2.29
10/20/2016,1,Northwest,United States,North America,TI-M267,LL Mountain Tire,9.3463,24.99
10/20/2016,1,Australia,Australia,Pacific,GL-H102-M,"Half-Finger Gloves, M",9.7136,23.5481
10/20/2016,1,United Kingdom,United Kingdom,Europe,BC-M005,Mountain Bottle Cage,3.7363,9.99
10/21/2016,1,Northwest,United States,North America,CA-1098,AWC Logo Cap,5.7052,8.6442
10/21/2016,1,Southwest,United States,North America,SO-R809-L,"Racing Socks, L",3.3623,8.99
10/21/2016,1,Canada,Canada,North America,HL-U509,"Sport-100 Helmet, Black",12.0278,33.6442
10/21/2016,1,Australia,Australia,Pacific,TI-M823,HL Mountain Tire,13.09,35
10/21/2016,1,Australia,Australia,Pacific,TI-R628,ML Road Tire,9.3463,24.99
10/22/2016,1,Northwest,United States,North America,BK-R19B-48,"Road-750 Black, 48",343.6496,539.99
10/22/2016,1,Canada,Canada,North America,TT-T092,Touring Tire Tube,1.8663,4.99
10/22/2016,1,France,France,Europe,BK-R19B-48,"Road-750 Black, 48",343.6496,539.99
10/22/2016,1,Australia,Australia,Pacific,BC-R205,Road Bottle Cage,3.3623,8.99
10/22/2016,1,Australia,Australia,Pacific,TI-M823,HL Mountain Tire,13.09,35
10/23/2016,1,Northwest,United States,North America,CA-1098,AWC Logo Cap,5.7052,8.6442
10/23/2016,1,Southwest,United States,North America,BK-M68B-42,"Mountain-200 Black, 42",1105.81,2049.0982
10/23/2016,1,Southwest,United States,North America,FE-6654,Fender Set - Mountain,8.2205,21.98
10/24/2016,1,Southwest,United States,North America,HL-U509-R,"Sport-100 Helmet, Red",13.0863,34.99
10/24/2016,1,France,France,Europe,GL-H102-L,"Half-Finger Gloves, L",9.7136,23.5481
10/24/2016,1,Germany,Germany,Europe,TI-T723,Touring Tire,10.8423,28.99
10/25/2016,1,Southwest,United States,North America,TI-R982,HL Road Tire,12.1924,32.6
10/25/2016,1,Southwest,United States,North America,BK-R19B-52,"Road-750 Black, 52",343.6496,539.99
10/25/2016,1,Australia,Australia,Pacific,WB-H098,Water Bottle - 30 oz.,1.8663,4.99
10/25/2016,1,Australia,Australia,Pacific,SO-R809-M,"Racing Socks, M",3.3623,8.99
10/25/2016,1,United Kingdom,United Kingdom,Europe,FE-6654,Fender Set - Mountain,8.2205,21.98
10/26/2016,1,Northwest,United States,North America,BK-R64Y-48,"Road-550-W Yellow, 48",605.6492,1000.4375
10/26/2016,1,Northwest,United States,North America,TT-M928,Mountain Tire Tube,1.8663,4.99
10/26/2016,1,Northwest,United States,North America,TT-R982,Road Tire Tube,1.4923,3.99
10/26/2016,1,Northwest,United States,North America,TT-T092,Touring Tire Tube,1.8663,4.99
10/26/2016,1,Southwest,United States,North America,SJ-0194-S,"Short-Sleeve Classic Jersey, S",41.5723,53.99
10/26/2016,1,Germany,Germany,Europe,BC-M005,Mountain Bottle Cage,3.7363,9.99
10/26/2016,1,Australia,Australia,Pacific,TI-T723,Touring Tire,10.8423,28.99
10/27/2016,1,Canada,Canada,North America,HL-U509-B,"Sport-100 Helmet, Blue",12.0278,33.6442
10/27/2016,1,Australia,Australia,Pacific,SJ-0194-M,"Short-Sleeve Classic Jersey, M",41.5723,53.99
10/28/2016,1,Southwest,United States,North America,CA-1098,AWC Logo Cap,5.7052,8.6442
10/28/2016,1,France,France,Europe,PK-7098,Patch Kit/8 Patches,0.8565,2.29
10/28/2016,1,France,France,Europe,CL-9009,Bike Wash - Dissolver,2.9733,7.95
10/28/2016,1,France,France,Europe,BK-T44U-46,"Touring-2000 Blue, 46",755.1508,1214.85
10/28/2016,1,Australia,Australia,Pacific,HL-U509-B,"Sport-100 Helmet, Blue",12.0278,33.6442
10/28/2016,1,Australia,Australia,Pacific,WB-H098,Water Bottle - 30 oz.,1.8663,4.99
10/28/2016,1,United Kingdom,United Kingdom,Europe,VE-C304-S,"Classic Vest, S",23.749,63.5
10/29/2016,1,Southwest,United States,North America,BK-R79Y-42,"Road-350-W Yellow, 42",1082.51,1700.99
10/29/2016,1,Canada,Canada,North America,TI-T723,Touring Tire,10.8423,28.99
10/29/2016,1,Germany,Germany,Europe,LJ-0192-X,"Long-Sleeve Logo Jersey, XL",31.7244,48.0673
10/29/2016,1,Australia,Australia,Pacific,TI-R092,LL Road Tire,8.0373,21.49
10/29/2016,1,United Kingdom,United Kingdom,Europe,WB-H098,Water Bottle - 30 oz.,1.8663,4.99
10/30/2016,1,Southwest,United States,North America,TI-M823,HL Mountain Tire,13.09,35
10/30/2016,1,Canada,Canada,North America,SH-W890-M,"Women's Mountain Shorts, M",26.1763,69.99
10/30/2016,1,Australia,Australia,Pacific,BK-M68B-38,"Mountain-200 Black, 38",1105.81,2049.0982
10/30/2016,1,United Kingdom,United Kingdom,Europe,BK-R89R-58,"Road-250 Red, 58",1320.6838,2181.5625
10/31/2016,1,Northwest,United States,North America,BK-M18B-40,"Mountain-500 Black, 40",294.5797,539.99
10/31/2016,1,Southwest,United States,North America,HL-U509,"Sport-100 Helmet, Black",12.0278,33.6442
10/31/2016,1,France,France,Europe,TT-T092,Touring Tire Tube,1.8663,4.99
10/31/2016,1,Germany,Germany,Europe,BK-M68B-38,"Mountain-200 Black, 38",1105.81,2049.0982
10/31/2016,1,Germany,Germany,Europe,TT-M928,Mountain Tire Tube,1.8663,4.99
10/31/2016,1,Germany,Germany,Europe,BK-R19B-58,"Road-750 Black, 58",343.6496,539.99
10/31/2016,1,Australia,Australia,Pacific,BK-R19B-44,"Road-750 Black, 44",343.6496,539.99
11-01-2016,1,Canada,Canada,North America,WB-H098,Water Bottle - 30 oz.,1.8663,4.99
11-01-2016,1,Canada,Canada,North America,BC-M005,Mountain Bottle Cage,3.7363,9.99
11-01-2016,1,Canada,Canada,North America,TT-M928,Mountain Tire Tube,1.8663,4.99
11-01-2016,1,Canada,Canada,North America,TT-R982,Road Tire Tube,1.4923,3.99
11-02-2016,1,Southwest,United States,North America,HL-U509,"Sport-100 Helmet, Black",12.0278,33.6442
11-02-2016,1,Canada,Canada,North America,BK-M68B-42,"Mountain-200 Black, 42",1105.81,2049.0982
11-02-2016,1,France,France,Europe,WB-H098,Water Bottle - 30 oz.,1.8663,4.99
11-02-2016,1,Australia,Australia,Pacific,HL-U509-R,"Sport-100 Helmet, Red",13.0863,34.99
11-02-2016,1,United Kingdom,United Kingdom,Europe,BK-R64Y-42,"Road-550-W Yellow, 42",605.6492,1000.4375
11-03-2016,1,Southwest,United States,North America,SH-W890-S,"Women's Mountain Shorts, S",26.1763,69.99
11-03-2016,1,Southwest,United States,North America,TI-T723,Touring Tire,10.8423,28.99
11-03-2016,1,Germany,Germany,Europe,BK-R89B-48,"Road-250 Black, 48",1320.6838,2181.5625
11-03-2016,1,Australia,Australia,Pacific,SJ-0194-M,"Short-Sleeve Classic Jersey, M",41.5723,53.99
11-04-2016,1,Southwest,United States,North America,GL-H102-L,"Half-Finger Gloves, L",9.7136,23.5481
11-04-2016,1,United Kingdom,United Kingdom,Europe,TT-M928,Mountain Tire Tube,1.8663,4.99
11-05-2016,1,Northwest,United States,North America,BC-M005,Mountain Bottle Cage,3.7363,9.99
11-05-2016,1,Australia,Australia,Pacific,PK-7098,Patch Kit/8 Patches,0.8565,2.29
11-05-2016,1,United Kingdom,United Kingdom,Europe,TT-R982,Road Tire Tube,1.4923,3.99
11-06-2016,1,Northwest,United States,North America,FE-6654,Fender Set - Mountain,8.2205,21.98
11-06-2016,2,Southwest,United States,North America,WB-H098,Water Bottle - 30 oz.,1.8663,4.99
11-07-2016,1,Northwest,United States,North America,BK-M68S-42,"Mountain-200 Silver, 42",1117.8559,2071.4196
11-07-2016,2,Southwest,United States,North America,WB-H098,Water Bottle - 30 oz.,1.8663,4.99
11-07-2016,1,Canada,Canada,North America,BC-M005,Mountain Bottle Cage,3.7363,9.99
11-07-2016,1,Canada,Canada,North America,TI-R982,HL Road Tire,12.1924,32.6
11-07-2016,1,Germany,Germany,Europe,WB-H098,Water Bottle - 30 oz.,1.8663,4.99
11-07-2016,1,Australia,Australia,Pacific,WB-H098,Water Bottle - 30 oz.,1.8663,4.99
11-07-2016,1,Australia,Australia,Pacific,TI-M267,LL Mountain Tire,9.3463,24.99
11-07-2016,1,Australia,Australia,Pacific,TI-M823,HL Mountain Tire,13.09,35
11-07-2016,1,Australia,Australia,Pacific,BK-R19B-44,"Road-750 Black, 44",343.6496,539.99
11-08-2016,1,Northwest,United States,North America,BC-M005,Mountain Bottle Cage,3.7363,9.99
11-08-2016,1,Southwest,United States,North America,VE-C304-M,"Classic Vest, M",23.749,63.5
11-08-2016,1,United Kingdom,United Kingdom,Europe,TI-M602,ML Mountain Tire,11.2163,29.99
11-09-2016,1,Northwest,United States,North America,BC-M005,Mountain Bottle Cage,3.7363,9.99
11-09-2016,1,France,France,Europe,HL-U509-B,"Sport-100 Helmet, Blue",12.0278,33.6442
11-09-2016,1,Australia,Australia,Pacific,WB-H098,Water Bottle - 30 oz.,1.8663,4.99
11-09-2016,1,United Kingdom,United Kingdom,Europe,WB-H098,Water Bottle - 30 oz.,1.8663,4.99
11-10-2016,1,Northwest,United States,North America,BK-M68B-46,"Mountain-200 Black, 46",1105.81,2049.0982
11-10-2016,1,Southwest,United States,North America,TT-T092,Touring Tire Tube,1.8663,4.99
11-10-2016,1,Canada,Canada,North America,TT-M928,Mountain Tire Tube,1.8663,4.99
11-10-2016,1,France,France,Europe,BC-R205,Road Bottle Cage,3.3623,8.99
11-10-2016,1,United Kingdom,United Kingdom,Europe,FE-6654,Fender Set - Mountain,8.2205,21.98
11-11-2016,1,Northwest,United States,North America,HL-U509-B,"Sport-100 Helmet, Blue",12.0278,33.6442
11-12-2016,1,Southwest,United States,North America,PK-7098,Patch Kit/8 Patches,0.8565,2.29
11-12-2016,1,Canada,Canada,North America,BK-R19B-52,"Road-750 Black, 52",343.6496,539.99
11-12-2016,1,Germany,Germany,Europe,WB-H098,Water Bottle - 30 oz.,1.8663,4.99
11-12-2016,1,Australia,Australia,Pacific,TI-M267,LL Mountain Tire,9.3463,24.99
11-12-2016,1,United Kingdom,United Kingdom,Europe,TI-T723,Touring Tire,10.8423,28.99
11/13/2016,1,Northwest,United States,North America,BC-R205,Road Bottle Cage,3.3623,8.99
11/13/2016,1,Northwest,United States,North America,BK-T79Y-50,"Touring-1000 Yellow, 50",1481.9379,2384.07
11/13/2016,1,Australia,Australia,Pacific,BK-R89B-48,"Road-250 Black, 48",1320.6838,2181.5625
11/14/2016,1,Northwest,United States,North America,GL-H102-L,"Half-Finger Gloves, L",9.7136,23.5481
11/14/2016,1,Northwest,United States,North America,BK-M38S-42,"Mountain-400-W Silver, 42",419.7784,769.49
11/14/2016,1,Southwest,United States,North America,BC-M005,Mountain Bottle Cage,3.7363,9.99
11/14/2016,1,France,France,Europe,HL-U509,"Sport-100 Helmet, Black",12.0278,33.6442
11/14/2016,1,France,France,Europe,TI-R092,LL Road Tire,8.0373,21.49
11/14/2016,1,Australia,Australia,Pacific,TI-M823,HL Mountain Tire,13.09,35
11/14/2016,1,Australia,Australia,Pacific,BK-M18S-42,"Mountain-500 Silver, 42",308.2179,564.99
11/14/2016,1,United Kingdom,United Kingdom,Europe,HL-U509,"Sport-100 Helmet, Black",12.0278,33.6442
11/14/2016,1,United Kingdom,United Kingdom,Europe,WB-H098,Water Bottle - 30 oz.,1.8663,4.99
11/15/2016,1,Northwest,United States,North America,PK-7098,Patch Kit/8 Patches,0.8565,2.29
11/15/2016,1,Southwest,United States,North America,BC-M005,Mountain Bottle Cage,3.7363,9.99
11/15/2016,1,Southwest,United States,North America,BK-T44U-60,"Touring-2000 Blue, 60",755.1508,1214.85
11/16/2016,1,Northwest,United States,North America,TT-M928,Mountain Tire Tube,1.8663,4.99
11/16/2016,1,Southwest,United States,North America,TI-R092,LL Road Tire,8.0373,21.49
11/17/2016,1,Northwest,United States,North America,PK-7098,Patch Kit/8 Patches,0.8565,2.29
11/17/2016,1,Canada,Canada,North America,BK-R19B-48,"Road-750 Black, 48",343.6496,539.99
11/17/2016,1,Germany,Germany,Europe,BK-R19B-58,"Road-750 Black, 58",343.6496,539.99
11/17/2016,1,Australia,Australia,Pacific,HY-1023-70,Hydration Pack - 70 oz.,20.5663,54.99
11/17/2016,1,United Kingdom,United Kingdom,Europe,BK-R64Y-42,"Road-550-W Yellow, 42",605.6492,1000.4375
11/18/2016,1,Northwest,United States,North America,BC-R205,Road Bottle Cage,3.3623,8.99
11/18/2016,1,Canada,Canada,North America,PK-7098,Patch Kit/8 Patches,0.8565,2.29
11/18/2016,1,France,France,Europe,HL-U509-B,"Sport-100 Helmet, Blue",12.0278,33.6442
11/18/2016,1,France,France,Europe,HY-1023-70,Hydration Pack - 70 oz.,20.5663,54.99
11/18/2016,1,Germany,Germany,Europe,TI-T723,Touring Tire,10.8423,28.99
11/18/2016,1,Australia,Australia,Pacific,HL-U509-B,"Sport-100 Helmet, Blue",12.0278,33.6442
11/18/2016,1,United Kingdom,United Kingdom,Europe,TT-R982,Road Tire Tube,1.4923,3.99
11/18/2016,1,United Kingdom,United Kingdom,Europe,BK-R79Y-48,"Road-350-W Yellow, 48",1082.51,1700.99
11/18/2016,1,United Kingdom,United Kingdom,Europe,BK-R19B-58,"Road-750 Black, 58",343.6496,539.99
11/19/2016,1,Southwest,United States,North America,HL-U509-B,"Sport-100 Helmet, Blue",12.0278,33.6442
11/19/2016,1,Southwest,United States,North America,BK-R89B-52,"Road-250 Black, 52",1320.6838,2181.5625
11/19/2016,1,Southwest,United States,North America,ST-1401,All-Purpose Bike Stand,59.466,159
11/19/2016,1,Southwest,United States,North America,TI-T723,Touring Tire,10.8423,28.99
11/19/2016,1,Canada,Canada,North America,BK-R19B-58,"Road-750 Black, 58",343.6496,539.99
11/19/2016,1,Germany,Germany,Europe,HL-U509-R,"Sport-100 Helmet, Red",13.0863,34.99
11/19/2016,1,Australia,Australia,Pacific,HL-U509-R,"Sport-100 Helmet, Red",13.0863,34.99
11/19/2016,1,Australia,Australia,Pacific,BK-R79Y-44,"Road-350-W Yellow, 44",1082.51,1700.99
11/20/2016,1,Southwest,United States,North America,SO-R809-M,"Racing Socks, M",3.3623,8.99
11/20/2016,1,Canada,Canada,North America,GL-H102-S,"Half-Finger Gloves, S",9.7136,23.5481
11/20/2016,1,Canada,Canada,North America,TI-R092,LL Road Tire,8.0373,21.49
11/20/2016,1,Germany,Germany,Europe,TT-R982,Road Tire Tube,1.4923,3.99
11/20/2016,1,Australia,Australia,Pacific,HY-1023-70,Hydration Pack - 70 oz.,20.5663,54.99
11/21/2016,1,Northwest,United States,North America,HL-U509-B,"Sport-100 Helmet, Blue",12.0278,33.6442
11/21/2016,1,Northwest,United States,North America,LJ-0192-S,"Long-Sleeve Logo Jersey, S",31.7244,48.0673
11/21/2016,1,Southwest,United States,North America,BK-M68B-46,"Mountain-200 Black, 46",1105.81,2049.0982
11/21/2016,1,Southwest,United States,North America,GL-H102-M,"Half-Finger Gloves, M",9.7136,23.5481
11/22/2016,1,Southwest,United States,North America,BK-M68S-46,"Mountain-200 Silver, 46",1117.8559,2071.4196
11/22/2016,1,Southwest,United States,North America,FE-6654,Fender Set - Mountain,8.2205,21.98
11/22/2016,1,Canada,Canada,North America,HL-U509-B,"Sport-100 Helmet, Blue",12.0278,33.6442
11/22/2016,1,Australia,Australia,Pacific,SJ-0194-M,"Short-Sleeve Classic Jersey, M",41.5723,53.99
11/22/2016,1,United Kingdom,United Kingdom,Europe,HL-U509-R,"Sport-100 Helmet, Red",13.0863,34.99
11/23/2016,1,Northwest,United States,North America,BC-M005,Mountain Bottle Cage,3.7363,9.99
11/23/2016,1,Northwest,United States,North America,BC-R205,Road Bottle Cage,3.3623,8.99
11/23/2016,1,Southwest,United States,North America,HL-U509,"Sport-100 Helmet, Black",12.0278,33.6442
11/23/2016,1,Southwest,United States,North America,SH-W890-L,"Women's Mountain Shorts, L",26.1763,69.99
11/23/2016,1,Australia,Australia,Pacific,HL-U509-R,"Sport-100 Helmet, Red",13.0863,34.99
11/24/2016,1,Northwest,United States,North America,HL-U509-B,"Sport-100 Helmet, Blue",12.0278,33.6442
11/24/2016,1,Northwest,United States,North America,TT-M928,Mountain Tire Tube,1.8663,4.99
11/24/2016,1,Australia,Australia,Pacific,TI-M602,ML Mountain Tire,11.2163,29.99
11/24/2016,1,United Kingdom,United Kingdom,Europe,BK-M68B-38,"Mountain-200 Black, 38",1105.81,2049.0982
11/24/2016,1,United Kingdom,United Kingdom,Europe,BC-M005,Mountain Bottle Cage,3.7363,9.99
11/25/2016,1,Southwest,United States,North America,FE-6654,Fender Set - Mountain,8.2205,21.98
11/25/2016,1,Canada,Canada,North America,CL-9009,Bike Wash - Dissolver,2.9733,7.95
11/25/2016,1,Canada,Canada,North America,TT-M928,Mountain Tire Tube,1.8663,4.99
11/26/2016,1,Southwest,United States,North America,TT-R982,Road Tire Tube,1.4923,3.99
11/26/2016,1,France,France,Europe,BC-R205,Road Bottle Cage,3.3623,8.99
11/26/2016,1,Germany,Germany,Europe,CL-9009,Bike Wash - Dissolver,2.9733,7.95
11/27/2016,1,Canada,Canada,North America,TT-M928,Mountain Tire Tube,1.8663,4.99
11/27/2016,1,Australia,Australia,Pacific,GL-H102-S,"Half-Finger Gloves, S",9.7136,23.5481
11/28/2016,1,Northwest,United States,North America,PK-7098,Patch Kit/8 Patches,0.8565,2.29
11/28/2016,1,Northwest,United States,North America,RA-H123,Hitch Rack - 4-Bike,44.88,120
11/28/2016,1,Northwest,United States,North America,TT-T092,Touring Tire Tube,1.8663,4.99
11/28/2016,1,Southwest,United States,North America,WB-H098,Water Bottle - 30 oz.,1.8663,4.99
11/28/2016,1,Australia,Australia,Pacific,HL-U509,"Sport-100 Helmet, Black",12.0278,33.6442
11/28/2016,1,Australia,Australia,Pacific,BK-M38S-42,"Mountain-400-W Silver, 42",419.7784,769.49
11/28/2016,1,United Kingdom,United Kingdom,Europe,WB-H098,Water Bottle - 30 oz.,1.8663,4.99
11/28/2016,1,United Kingdom,United Kingdom,Europe,BC-M005,Mountain Bottle Cage,3.7363,9.99
11/29/2016,1,Northwest,United States,North America,TI-M267,LL Mountain Tire,9.3463,24.99
11/29/2016,1,United Kingdom,United Kingdom,Europe,WB-H098,Water Bottle - 30 oz.,1.8663,4.99
11/29/2016,1,United Kingdom,United Kingdom,Europe,BC-R205,Road Bottle Cage,3.3623,8.99
11/30/2016,1,Northwest,United States,North America,SH-W890-L,"Women's Mountain Shorts, L",26.1763,69.99
11/30/2016,1,Southwest,United States,North America,HL-U509-R,"Sport-100 Helmet, Red",13.0863,34.99
11/30/2016,1,Southwest,United States,North America,TI-M267,LL Mountain Tire,9.3463,24.99
11/30/2016,1,France,France,Europe,SH-W890-L,"Women's Mountain Shorts, L",26.1763,69.99
11/30/2016,1,Australia,Australia,Pacific,BK-R19B-52,"Road-750 Black, 52",343.6496,539.99
12-01-2016,1,Northwest,United States,North America,HL-U509,"Sport-100 Helmet, Black",12.0278,33.6442
12-01-2016,1,Canada,Canada,North America,TI-M267,LL Mountain Tire,9.3463,24.99
12-01-2016,1,France,France,Europe,HL-U509-B,"Sport-100 Helmet, Blue",12.0278,33.6442
12-01-2016,1,France,France,Europe,BK-T18U-50,"Touring-3000 Blue, 50",461.4448,742.35
12-01-2016,1,Germany,Germany,Europe,CA-1098,AWC Logo Cap,5.7052,8.6442
12-01-2016,1,Germany,Germany,Europe,WB-H098,Water Bottle - 30 oz.,1.8663,4.99
12-01-2016,1,Australia,Australia,Pacific,HL-U509-R,"Sport-100 Helmet, Red",13.0863,34.99
12-01-2016,1,Australia,Australia,Pacific,TI-R982,HL Road Tire,12.1924,32.6
12-02-2016,1,Canada,Canada,North America,SH-W890-S,"Women's Mountain Shorts, S",26.1763,69.99
12-03-2016,1,Northwest,United States,North America,TT-M928,Mountain Tire Tube,1.8663,4.99
12-03-2016,1,Northwest,United States,North America,TI-M267,LL Mountain Tire,9.3463,24.99
12-03-2016,1,Canada,Canada,North America,GL-H102-M,"Half-Finger Gloves, M",9.7136,23.5481
12-03-2016,1,Canada,Canada,North America,TT-M928,Mountain Tire Tube,1.8663,4.99
12-03-2016,1,Australia,Australia,Pacific,SJ-0194-S,"Short-Sleeve Classic Jersey, S",41.5723,53.99
12-03-2016,1,United Kingdom,United Kingdom,Europe,HL-U509-B,"Sport-100 Helmet, Blue",12.0278,33.6442
12-04-2016,1,Northwest,United States,North America,BC-M005,Mountain Bottle Cage,3.7363,9.99
12-04-2016,1,Northwest,United States,North America,TI-R628,ML Road Tire,9.3463,24.99
12-04-2016,1,Germany,Germany,Europe,WB-H098,Water Bottle - 30 oz.,1.8663,4.99
12-04-2016,1,Australia,Australia,Pacific,TT-R982,Road Tire Tube,1.4923,3.99
12-05-2016,1,Southwest,United States,North America,HL-U509-R,"Sport-100 Helmet, Red",13.0863,34.99
12-05-2016,1,Southwest,United States,North America,TT-M928,Mountain Tire Tube,1.8663,4.99
12-05-2016,1,Canada,Canada,North America,BC-M005,Mountain Bottle Cage,3.7363,9.99
12-05-2016,1,Germany,Germany,Europe,BK-R64Y-42,"Road-550-W Yellow, 42",605.6492,1000.4375
12-05-2016,1,Australia,Australia,Pacific,WB-H098,Water Bottle - 30 oz.,1.8663,4.99
12-05-2016,1,United Kingdom,United Kingdom,Europe,HL-U509-R,"Sport-100 Helmet, Red",13.0863,34.99
12-05-2016,1,United Kingdom,United Kingdom,Europe,HL-U509,"Sport-100 Helmet, Black",12.0278,33.6442
12-06-2016,1,Northwest,United States,North America,TT-M928,Mountain Tire Tube,1.8663,4.99
12-06-2016,1,Southwest,United States,North America,HL-U509,"Sport-100 Helmet, Black",12.0278,33.6442
12-06-2016,1,Canada,Canada,North America,FE-6654,Fender Set - Mountain,8.2205,21.98
12-06-2016,1,Germany,Germany,Europe,BK-T79Y-54,"Touring-1000 Yellow, 54",1481.9379,2384.07
12-07-2016,1,Southwest,United States,North America,GL-H102-L,"Half-Finger Gloves, L",9.7136,23.5481
12-07-2016,1,Southwest,United States,North America,TT-M928,Mountain Tire Tube,1.8663,4.99
12-07-2016,1,Southwest,United States,North America,TI-R982,HL Road Tire,12.1924,32.6
12-07-2016,1,Canada,Canada,North America,SH-W890-S,"Women's Mountain Shorts, S",26.1763,69.99
12-07-2016,1,France,France,Europe,HL-U509-B,"Sport-100 Helmet, Blue",12.0278,33.6442
12-07-2016,1,France,France,Europe,BK-M18S-52,"Mountain-500 Silver, 52",308.2179,564.99
12-07-2016,1,Australia,Australia,Pacific,BK-T79Y-60,"Touring-1000 Yellow, 60",1481.9379,2384.07
12-07-2016,1,United Kingdom,United Kingdom,Europe,BK-M18B-44,"Mountain-500 Black, 44",294.5797,539.99
12-08-2016,1,Southwest,United States,North America,HL-U509-R,"Sport-100 Helmet, Red",13.0863,34.99
12-08-2016,1,Australia,Australia,Pacific,SJ-0194-L,"Short-Sleeve Classic Jersey, L",41.5723,53.99
12-08-2016,1,Australia,Australia,Pacific,BK-T44U-46,"Touring-2000 Blue, 46",755.1508,1214.85
12-08-2016,1,United Kingdom,United Kingdom,Europe,GL-H102-S,"Half-Finger Gloves, S",9.7136,23.5481
12-09-2016,1,Southwest,United States,North America,CA-1098,AWC Logo Cap,5.7052,8.6442
12-09-2016,1,Southwest,United States,North America,PK-7098,Patch Kit/8 Patches,0.8565,2.29
12-09-2016,1,Southwest,United States,North America,TT-T092,Touring Tire Tube,1.8663,4.99
12-09-2016,1,Southwest,United States,North America,TI-M823,HL Mountain Tire,13.09,35
12-09-2016,1,Canada,Canada,North America,VE-C304-S,"Classic Vest, S",23.749,63.5
12-09-2016,1,Canada,Canada,North America,SH-W890-M,"Women's Mountain Shorts, M",26.1763,69.99
12-09-2016,1,Germany,Germany,Europe,BC-R205,Road Bottle Cage,3.3623,8.99
12-09-2016,1,Australia,Australia,Pacific,BC-R205,Road Bottle Cage,3.3623,8.99
12-09-2016,1,Australia,Australia,Pacific,TT-T092,Touring Tire Tube,1.8663,4.99
12-10-2016,1,France,France,Europe,TI-M823,HL Mountain Tire,13.09,35
12-10-2016,1,Australia,Australia,Pacific,BC-M005,Mountain Bottle Cage,3.7363,9.99
12-11-2016,1,Northwest,United States,North America,BK-R89R-58,"Road-250 Red, 58",1320.6838,2181.5625
12-11-2016,1,Australia,Australia,Pacific,SH-W890-L,"Women's Mountain Shorts, L",26.1763,69.99
12-11-2016,1,Australia,Australia,Pacific,WB-H098,Water Bottle - 30 oz.,1.8663,4.99
12-12-2016,1,Southwest,United States,North America,HL-U509-B,"Sport-100 Helmet, Blue",12.0278,33.6442
12-12-2016,1,Canada,Canada,North America,HL-U509-R,"Sport-100 Helmet, Red",13.0863,34.99
12-12-2016,1,France,France,Europe,HL-U509-R,"Sport-100 Helmet, Red",13.0863,34.99
12-12-2016,1,France,France,Europe,TT-T092,Touring Tire Tube,1.8663,4.99
12-12-2016,1,France,France,Europe,TI-M602,ML Mountain Tire,11.2163,29.99
12-12-2016,1,Germany,Germany,Europe,BC-M005,Mountain Bottle Cage,3.7363,9.99
12-12-2016,1,United Kingdom,United Kingdom,Europe,FE-6654,Fender Set - Mountain,8.2205,21.98
12/13/2016,1,Northwest,United States,North America,PK-7098,Patch Kit/8 Patches,0.8565,2.29
12/13/2016,1,Northwest,United States,North America,FE-6654,Fender Set - Mountain,8.2205,21.98
12/13/2016,1,Southwest,United States,North America,TI-M267,LL Mountain Tire,9.3463,24.99
12/13/2016,1,Canada,Canada,North America,TT-R982,Road Tire Tube,1.4923,3.99
12/13/2016,1,Germany,Germany,Europe,CA-1098,AWC Logo Cap,5.7052,8.6442
12/13/2016,1,Australia,Australia,Pacific,ST-1401,All-Purpose Bike Stand,59.466,159
12/13/2016,1,Australia,Australia,Pacific,TT-T092,Touring Tire Tube,1.8663,4.99
12/14/2016,1,Northwest,United States,North America,TI-R982,HL Road Tire,12.1924,32.6
12/14/2016,1,Southwest,United States,North America,BC-R205,Road Bottle Cage,3.3623,8.99
12/14/2016,1,Canada,Canada,North America,HL-U509-B,"Sport-100 Helmet, Blue",12.0278,33.6442
12/15/2016,1,Northwest,United States,North America,BK-M68B-46,"Mountain-200 Black, 46",1105.81,2049.0982
12/15/2016,1,Northwest,United States,North America,BC-M005,Mountain Bottle Cage,3.7363,9.99
12/15/2016,1,Canada,Canada,North America,BK-T44U-46,"Touring-2000 Blue, 46",755.1508,1214.85
12/15/2016,1,France,France,Europe,SJ-0194-M,"Short-Sleeve Classic Jersey, M",41.5723,53.99
12/15/2016,1,Germany,Germany,Europe,TT-M928,Mountain Tire Tube,1.8663,4.99
12/15/2016,1,Germany,Germany,Europe,TI-R092,LL Road Tire,8.0373,21.49
12/15/2016,1,Australia,Australia,Pacific,TI-M267,LL Mountain Tire,9.3463,24.99
12/15/2016,1,Australia,Australia,Pacific,BK-T18Y-62,"Touring-3000 Yellow, 62",461.4448,742.35
12/15/2016,1,United Kingdom,United Kingdom,Europe,PK-7098,Patch Kit/8 Patches,0.8565,2.29
12/16/2016,1,Northwest,United States,North America,PK-7098,Patch Kit/8 Patches,0.8565,2.29
12/16/2016,1,Canada,Canada,North America,TT-T092,Touring Tire Tube,1.8663,4.99
12/16/2016,1,Australia,Australia,Pacific,BK-R64Y-42,"Road-550-W Yellow, 42",605.6492,1000.4375
12/16/2016,1,United Kingdom,United Kingdom,Europe,CL-9009,Bike Wash - Dissolver,2.9733,7.95
12/17/2016,1,Northwest,United States,North America,SH-W890-S,"Women's Mountain Shorts, S",26.1763,69.99
12/17/2016,1,Northwest,United States,North America,TI-R628,ML Road Tire,9.3463,24.99
12/17/2016,1,Southwest,United States,North America,HL-U509-B,"Sport-100 Helmet, Blue",12.0278,33.6442
12/17/2016,1,Southwest,United States,North America,BK-R79Y-48,"Road-350-W Yellow, 48",1082.51,1700.99
12/17/2016,1,Canada,Canada,North America,TT-M928,Mountain Tire Tube,1.8663,4.99
12/17/2016,1,Canada,Canada,North America,TI-M823,HL Mountain Tire,13.09,35
12/17/2016,1,United Kingdom,United Kingdom,Europe,WB-H098,Water Bottle - 30 oz.,1.8663,4.99
12/18/2016,1,Northwest,United States,North America,BK-M68B-38,"Mountain-200 Black, 38",1105.81,2049.0982
12/18/2016,1,Canada,Canada,North America,WB-H098,Water Bottle - 30 oz.,1.8663,4.99
12/19/2016,1,Germany,Germany,Europe,HL-U509-B,"Sport-100 Helmet, Blue",12.0278,33.6442
12/19/2016,1,Australia,Australia,Pacific,BK-T79U-60,"Touring-1000 Blue, 60",1481.9379,2384.07
12/19/2016,1,United Kingdom,United Kingdom,Europe,BK-M68S-46,"Mountain-200 Silver, 46",1117.8559,2071.4196
12/20/2016,1,Northwest,United States,North America,TT-R982,Road Tire Tube,1.4923,3.99
12/20/2016,1,Canada,Canada,North America,BC-M005,Mountain Bottle Cage,3.7363,9.99
12/20/2016,1,Germany,Germany,Europe,CA-1098,AWC Logo Cap,5.7052,8.6442
12/20/2016,1,Australia,Australia,Pacific,TI-M267,LL Mountain Tire,9.3463,24.99
12/20/2016,1,United Kingdom,United Kingdom,Europe,BK-T79U-54,"Touring-1000 Blue, 54",1481.9379,2384.07
12/21/2016,1,Northwest,United States,North America,WB-H098,Water Bottle - 30 oz.,1.8663,4.99
12/21/2016,1,Canada,Canada,North America,BK-M68B-42,"Mountain-200 Black, 42",1105.81,2049.0982
12/21/2016,1,France,France,Europe,WB-H098,Water Bottle - 30 oz.,1.8663,4.99
12/21/2016,1,United Kingdom,United Kingdom,Europe,PK-7098,Patch Kit/8 Patches,0.8565,2.29
12/22/2016,1,Northwest,United States,North America,BK-R64Y-42,"Road-550-W Yellow, 42",605.6492,1000.4375
12/23/2016,1,Southwest,United States,North America,HL-U509,"Sport-100 Helmet, Black",12.0278,33.6442
12/23/2016,1,Southwest,United States,North America,WB-H098,Water Bottle - 30 oz.,1.8663,4.99
12/23/2016,1,Southwest,United States,North America,SJ-0194-S,"Short-Sleeve Classic Jersey, S",41.5723,53.99
12/23/2016,1,France,France,Europe,HL-U509,"Sport-100 Helmet, Black",12.0278,33.6442
12/23/2016,1,Australia,Australia,Pacific,CL-9009,Bike Wash - Dissolver,2.9733,7.95
12/24/2016,1,Northwest,United States,North America,PK-7098,Patch Kit/8 Patches,0.8565,2.29
12/24/2016,1,Northwest,United States,North America,TI-M823,HL Mountain Tire,13.09,35
12/24/2016,1,Northwest,United States,North America,TI-R628,ML Road Tire,9.3463,24.99
12/24/2016,1,Southwest,United States,North America,SO-R809-M,"Racing Socks, M",3.3623,8.99
12/24/2016,1,Canada,Canada,North America,GL-H102-S,"Half-Finger Gloves, S",9.7136,23.5481
12/24/2016,1,Canada,Canada,North America,WB-H098,Water Bottle - 30 oz.,1.8663,4.99
12/24/2016,1,Australia,Australia,Pacific,TT-R982,Road Tire Tube,1.4923,3.99
12/24/2016,1,Australia,Australia,Pacific,TT-T092,Touring Tire Tube,1.8663,4.99
12/25/2016,1,Northwest,United States,North America,HL-U509-R,"Sport-100 Helmet, Red",13.0863,34.99
12/25/2016,1,Northwest,United States,North America,HL-U509-B,"Sport-100 Helmet, Blue",12.0278,33.6442
12/25/2016,1,Southwest,United States,North America,SH-W890-L,"Women's Mountain Shorts, L",26.1763,69.99
12/25/2016,1,Southwest,United States,North America,BK-M38S-40,"Mountain-400-W Silver, 40",419.7784,769.49
12/25/2016,1,France,France,Europe,HL-U509,"Sport-100 Helmet, Black",12.0278,33.6442
12/25/2016,1,Germany,Germany,Europe,CA-1098,AWC Logo Cap,5.7052,8.6442
12/25/2016,1,Australia,Australia,Pacific,LJ-0192-M,"Long-Sleeve Logo Jersey, M",31.7244,48.0673
12/25/2016,1,Australia,Australia,Pacific,TT-T092,Touring Tire Tube,1.8663,4.99
12/25/2016,1,United Kingdom,United Kingdom,Europe,LJ-0192-L,"Long-Sleeve Logo Jersey, L",31.7244,48.0673
12/26/2016,1,Northwest,United States,North America,LJ-0192-L,"Long-Sleeve Logo Jersey, L",31.7244,48.0673
12/26/2016,1,Northwest,United States,North America,BC-R205,Road Bottle Cage,3.3623,8.99
12/26/2016,1,Southwest,United States,North America,HL-U509-R,"Sport-100 Helmet, Red",13.0863,34.99
12/26/2016,1,Canada,Canada,North America,TT-M928,Mountain Tire Tube,1.8663,4.99
12/26/2016,1,Germany,Germany,Europe,BC-R205,Road Bottle Cage,3.3623,8.99
12/26/2016,1,Australia,Australia,Pacific,BK-R64Y-44,"Road-550-W Yellow, 44",605.6492,1000.4375
12/26/2016,1,United Kingdom,United Kingdom,Europe,TT-M928,Mountain Tire Tube,1.8663,4.99
12/27/2016,1,Canada,Canada,North America,TT-M928,Mountain Tire Tube,1.8663,4.99
12/27/2016,1,Australia,Australia,Pacific,BC-R205,Road Bottle Cage,3.3623,8.99
12/27/2016,1,Australia,Australia,Pacific,PK-7098,Patch Kit/8 Patches,0.8565,2.29
12/28/2016,1,Northwest,United States,North America,BK-R19B-58,"Road-750 Black, 58",343.6496,539.99
12/28/2016,1,Southwest,United States,North America,HL-U509-R,"Sport-100 Helmet, Red",13.0863,34.99
12/28/2016,1,Southwest,United States,North America,TI-R092,LL Road Tire,8.0373,21.49
12/28/2016,1,Canada,Canada,North America,TI-M823,HL Mountain Tire,13.09,35
12/28/2016,1,France,France,Europe,WB-H098,Water Bottle - 30 oz.,1.8663,4.99
12/28/2016,1,Germany,Germany,Europe,HL-U509-R,"Sport-100 Helmet, Red",13.0863,34.99
12/28/2016,1,Australia,Australia,Pacific,BK-T79Y-50,"Touring-1000 Yellow, 50",1481.9379,2384.07
12/28/2016,1,Australia,Australia,Pacific,BK-R19B-48,"Road-750 Black, 48",343.6496,539.99
12/29/2016,1,Northwest,United States,North America,CL-9009,Bike Wash - Dissolver,2.9733,7.95
12/29/2016,1,Northwest,United States,North America,TT-M928,Mountain Tire Tube,1.8663,4.99
12/30/2016,1,Northwest,United States,North America,HL-U509,"Sport-100 Helmet, Black",12.0278,33.6442
12/30/2016,1,Northwest,United States,North America,TI-M267,LL Mountain Tire,9.3463,24.99
12/30/2016,1,Northwest,United States,North America,TI-R982,HL Road Tire,12.1924,32.6
12/30/2016,1,Southwest,United States,North America,BK-R64Y-38,"Road-550-W Yellow, 38",605.6492,1000.4375
12/30/2016,1,Southwest,United States,North America,CL-9009,Bike Wash - Dissolver,2.9733,7.95
12/30/2016,1,Canada,Canada,North America,SO-R809-L,"Racing Socks, L",3.3623,8.99
12/30/2016,1,France,France,Europe,LJ-0192-M,"Long-Sleeve Logo Jersey, M",31.7244,48.0673
12/31/2016,1,Southwest,United States,North America,CA-1098,AWC Logo Cap,5.7052,8.6442
12/31/2016,1,Southwest,United States,North America,TI-M823,HL Mountain Tire,13.09,35
12/31/2016,1,Canada,Canada,North America,TI-R628,ML Road Tire,9.3463,24.99
12/31/2016,1,France,France,Europe,WB-H098,Water Bottle - 30 oz.,1.8663,4.99
12/31/2016,1,Germany,Germany,Europe,BK-R79Y-40,"Road-350-W Yellow, 40",1082.51,1700.99
12/31/2016,1,United Kingdom,United Kingdom,Europe,BC-R205,Road Bottle Cage,3.3623,8.99
01-01-2017,1,Canada,Canada,North America,TT-M928,Mountain Tire Tube,1.8663,4.99
01-01-2017,1,Australia,Australia,Pacific,WB-H098,Water Bottle - 30 oz.,1.8663,4.99
01-01-2017,2,Australia,Australia,Pacific,BC-R205,Road Bottle Cage,3.3623,8.99
01-01-2017,1,Australia,Australia,Pacific,TT-M928,Mountain Tire Tube,1.8663,4.99
01-01-2017,1,United Kingdom,United Kingdom,Europe,FE-6654,Fender Set - Mountain,8.2205,21.98
01-02-2017,1,Northwest,United States,North America,TI-M823,HL Mountain Tire,13.09,35
01-02-2017,1,Southwest,United States,North America,HL-U509,"Sport-100 Helmet, Black",12.0278,33.6442
01-02-2017,1,Southwest,United States,North America,BC-R205,Road Bottle Cage,3.3623,8.99
01-02-2017,1,Germany,Germany,Europe,HL-U509-R,"Sport-100 Helmet, Red",13.0863,34.99
01-02-2017,1,Germany,Germany,Europe,TT-M928,Mountain Tire Tube,1.8663,4.99
01-02-2017,1,Australia,Australia,Pacific,HL-U509-R,"Sport-100 Helmet, Red",13.0863,34.99
01-02-2017,1,Australia,Australia,Pacific,BK-T79Y-46,"Touring-1000 Yellow, 46",1481.9379,2384.07
01-03-2017,1,Northwest,United States,North America,HY-1023-70,Hydration Pack - 70 oz.,20.5663,54.99
01-03-2017,1,Southwest,United States,North America,FE-6654,Fender Set - Mountain,8.2205,21.98
01-03-2017,1,Canada,Canada,North America,WB-H098,Water Bottle - 30 oz.,1.8663,4.99
01-03-2017,1,France,France,Europe,TI-R982,HL Road Tire,12.1924,32.6
01-03-2017,1,Germany,Germany,Europe,PK-7098,Patch Kit/8 Patches,0.8565,2.29
01-03-2017,1,Australia,Australia,Pacific,WB-H098,Water Bottle - 30 oz.,1.8663,4.99
01-04-2017,1,Southwest,United States,North America,TI-M602,ML Mountain Tire,11.2163,29.99
01-04-2017,1,Australia,Australia,Pacific,CL-9009,Bike Wash - Dissolver,2.9733,7.95
01-05-2017,1,Northwest,United States,North America,BC-R205,Road Bottle Cage,3.3623,8.99
01-05-2017,1,Canada,Canada,North America,TI-M602,ML Mountain Tire,11.2163,29.99
01-05-2017,1,France,France,Europe,HL-U509-R,"Sport-100 Helmet, Red",13.0863,34.99
01-05-2017,1,United Kingdom,United Kingdom,Europe,PK-7098,Patch Kit/8 Patches,0.8565,2.29
01-06-2017,1,France,France,Europe,BC-R205,Road Bottle Cage,3.3623,8.99
01-06-2017,1,France,France,Europe,ST-1401,All-Purpose Bike Stand,59.466,159
01-06-2017,1,Australia,Australia,Pacific,CA-1098,AWC Logo Cap,5.7052,8.6442
01-06-2017,1,Australia,Australia,Pacific,BK-R64Y-42,"Road-550-W Yellow, 42",605.6492,1000.4375
01-07-2017,1,Northwest,United States,North America,HL-U509-B,"Sport-100 Helmet, Blue",12.0278,33.6442
01-07-2017,1,Northwest,United States,North America,SJ-0194-L,"Short-Sleeve Classic Jersey, L",41.5723,53.99
01-07-2017,1,France,France,Europe,BK-R89B-44,"Road-250 Black, 44",1320.6838,2181.5625
01-08-2017,1,Northwest,United States,North America,PK-7098,Patch Kit/8 Patches,0.8565,2.29
01-08-2017,1,Northwest,United States,North America,SJ-0194-M,"Short-Sleeve Classic Jersey, M",41.5723,53.99
01-08-2017,1,Germany,Germany,Europe,FE-6654,Fender Set - Mountain,8.2205,21.98
01-08-2017,1,United Kingdom,United Kingdom,Europe,TI-M267,LL Mountain Tire,9.3463,24.99
01-09-2017,1,Southwest,United States,North America,BC-M005,Mountain Bottle Cage,3.7363,9.99
01-09-2017,1,Southwest,United States,North America,BC-R205,Road Bottle Cage,3.3623,8.99
01-09-2017,1,Canada,Canada,North America,SH-W890-S,"Women's Mountain Shorts, S",26.1763,69.99
01-09-2017,1,Australia,Australia,Pacific,HL-U509-R,"Sport-100 Helmet, Red",13.0863,34.99
01-10-2017,1,Northwest,United States,North America,HL-U509-B,"Sport-100 Helmet, Blue",12.0278,33.6442
01-10-2017,1,Southwest,United States,North America,BK-T44U-46,"Touring-2000 Blue, 46",755.1508,1214.85
01-10-2017,1,Canada,Canada,North America,GL-H102-S,"Half-Finger Gloves, S",9.7136,23.5481
01-10-2017,1,Canada,Canada,North America,TI-M602,ML Mountain Tire,11.2163,29.99
01-10-2017,1,Canada,Canada,North America,TI-R092,LL Road Tire,8.0373,21.49
01-10-2017,1,Germany,Germany,Europe,HL-U509,"Sport-100 Helmet, Black",12.0278,33.6442
01-10-2017,1,United Kingdom,United Kingdom,Europe,TI-M267,LL Mountain Tire,9.3463,24.99
01-11-2017,1,Northwest,United States,North America,CL-9009,Bike Wash - Dissolver,2.9733,7.95
01-11-2017,1,Northwest,United States,North America,BK-M38S-40,"Mountain-400-W Silver, 40",419.7784,769.49
01-11-2017,1,Southwest,United States,North America,TT-R982,Road Tire Tube,1.4923,3.99
01-11-2017,1,Southwest,United States,North America,TI-M823,HL Mountain Tire,13.09,35
01-11-2017,1,France,France,Europe,HL-U509-B,"Sport-100 Helmet, Blue",12.0278,33.6442
01-11-2017,1,France,France,Europe,BC-M005,Mountain Bottle Cage,3.7363,9.99
01-11-2017,1,Australia,Australia,Pacific,HL-U509,"Sport-100 Helmet, Black",12.0278,33.6442
01-11-2017,1,Australia,Australia,Pacific,WB-H098,Water Bottle - 30 oz.,1.8663,4.99
01-11-2017,1,Australia,Australia,Pacific,CL-9009,Bike Wash - Dissolver,2.9733,7.95
01-11-2017,1,Australia,Australia,Pacific,BK-T79U-60,"Touring-1000 Blue, 60",1481.9379,2384.07
01-11-2017,1,United Kingdom,United Kingdom,Europe,GL-H102-M,"Half-Finger Gloves, M",9.7136,23.5481
01-12-2017,1,Southwest,United States,North America,CL-9009,Bike Wash - Dissolver,2.9733,7.95
01-12-2017,1,Canada,Canada,North America,TI-M823,HL Mountain Tire,13.09,35
01-12-2017,1,Australia,Australia,Pacific,VE-C304-L,"Classic Vest, L",23.749,63.5
01-12-2017,1,Australia,Australia,Pacific,BC-R205,Road Bottle Cage,3.3623,8.99
1/13/2017,1,Southwest,United States,North America,TT-R982,Road Tire Tube,1.4923,3.99
1/13/2017,1,Australia,Australia,Pacific,VE-C304-L,"Classic Vest, L",23.749,63.5
1/14/2017,1,Northwest,United States,North America,BK-M68B-38,"Mountain-200 Black, 38",1105.81,2049.0982
1/14/2017,1,Canada,Canada,North America,FE-6654,Fender Set - Mountain,8.2205,21.98
1/14/2017,1,Australia,Australia,Pacific,BK-R89R-58,"Road-250 Red, 58",1320.6838,2181.5625
1/14/2017,1,United Kingdom,United Kingdom,Europe,LJ-0192-M,"Long-Sleeve Logo Jersey, M",31.7244,48.0673
1/14/2017,1,United Kingdom,United Kingdom,Europe,TT-R982,Road Tire Tube,1.4923,3.99
1/15/2017,1,Northwest,United States,North America,LJ-0192-L,"Long-Sleeve Logo Jersey, L",31.7244,48.0673
1/15/2017,1,Northwest,United States,North America,TI-T723,Touring Tire,10.8423,28.99
1/15/2017,1,Canada,Canada,North America,WB-H098,Water Bottle - 30 oz.,1.8663,4.99
1/15/2017,1,France,France,Europe,TI-R092,LL Road Tire,8.0373,21.49
1/15/2017,1,Germany,Germany,Europe,TT-T092,Touring Tire Tube,1.8663,4.99
1/15/2017,1,Australia,Australia,Pacific,BK-M68B-42,"Mountain-200 Black, 42",1105.81,2049.0982
1/15/2017,1,Australia,Australia,Pacific,SJ-0194-S,"Short-Sleeve Classic Jersey, S",41.5723,53.99
1/15/2017,1,Australia,Australia,Pacific,TT-R982,Road Tire Tube,1.4923,3.99
1/15/2017,1,United Kingdom,United Kingdom,Europe,BC-M005,Mountain Bottle Cage,3.7363,9.99
1/16/2017,1,Australia,Australia,Pacific,TI-R982,HL Road Tire,12.1924,32.6
1/16/2017,1,United Kingdom,United Kingdom,Europe,BK-M38S-40,"Mountain-400-W Silver, 40",419.7784,769.49
1/17/2017,1,Southwest,United States,North America,HL-U509-R,"Sport-100 Helmet, Red",13.0863,34.99
1/17/2017,1,Southwest,United States,North America,HL-U509-B,"Sport-100 Helmet, Blue",12.0278,33.6442
1/17/2017,1,Southwest,United States,North America,TT-M928,Mountain Tire Tube,1.8663,4.99
1/17/2017,1,Canada,Canada,North America,WB-H098,Water Bottle - 30 oz.,1.8663,4.99
1/17/2017,1,Canada,Canada,North America,TT-R982,Road Tire Tube,1.4923,3.99
1/17/2017,1,Germany,Germany,Europe,CL-9009,Bike Wash - Dissolver,2.9733,7.95
1/17/2017,1,Australia,Australia,Pacific,WB-H098,Water Bottle - 30 oz.,1.8663,4.99
1/17/2017,1,Australia,Australia,Pacific,FE-6654,Fender Set - Mountain,8.2205,21.98
1/18/2017,1,Northwest,United States,North America,TT-M928,Mountain Tire Tube,1.8663,4.99
1/18/2017,1,Southwest,United States,North America,HY-1023-70,Hydration Pack - 70 oz.,20.5663,54.99
1/18/2017,1,Southwest,United States,North America,TT-M928,Mountain Tire Tube,1.8663,4.99
1/18/2017,2,Canada,Canada,North America,SO-R809-M,"Racing Socks, M",3.3623,8.99
1/18/2017,1,Germany,Germany,Europe,HL-U509-B,"Sport-100 Helmet, Blue",12.0278,33.6442
1/18/2017,1,Australia,Australia,Pacific,VE-C304-S,"Classic Vest, S",23.749,63.5
1/18/2017,1,Australia,Australia,Pacific,SH-W890-S,"Women's Mountain Shorts, S",26.1763,69.99
1/18/2017,1,Australia,Australia,Pacific,WB-H098,Water Bottle - 30 oz.,1.8663,4.99
1/18/2017,1,United Kingdom,United Kingdom,Europe,TT-R982,Road Tire Tube,1.4923,3.99
1/19/2017,1,Northwest,United States,North America,BC-M005,Mountain Bottle Cage,3.7363,9.99
1/19/2017,1,Australia,Australia,Pacific,HL-U509-R,"Sport-100 Helmet, Red",13.0863,34.99
1/19/2017,1,Australia,Australia,Pacific,TI-T723,Touring Tire,10.8423,28.99
1/19/2017,1,United Kingdom,United Kingdom,Europe,SH-W890-M,"Women's Mountain Shorts, M",26.1763,69.99
1/19/2017,1,United Kingdom,United Kingdom,Europe,TI-R628,ML Road Tire,9.3463,24.99
1/20/2017,1,France,France,Europe,LJ-0192-M,"Long-Sleeve Logo Jersey, M",31.7244,48.0673
1/20/2017,1,Germany,Germany,Europe,CL-9009,Bike Wash - Dissolver,2.9733,7.95
1/20/2017,1,Germany,Germany,Europe,TI-R092,LL Road Tire,8.0373,21.49
1/20/2017,1,Australia,Australia,Pacific,FE-6654,Fender Set - Mountain,8.2205,21.98
1/20/2017,1,United Kingdom,United Kingdom,Europe,HL-U509,"Sport-100 Helmet, Black",12.0278,33.6442
1/20/2017,1,United Kingdom,United Kingdom,Europe,BK-T79U-46,"Touring-1000 Blue, 46",1481.9379,2384.07
1/21/2017,1,Southwest,United States,North America,WB-H098,Water Bottle - 30 oz.,1.8663,4.99
1/21/2017,1,France,France,Europe,HL-U509-R,"Sport-100 Helmet, Red",13.0863,34.99
1/21/2017,1,Germany,Germany,Europe,TT-R982,Road Tire Tube,1.4923,3.99
1/21/2017,1,Australia,Australia,Pacific,SJ-0194-M,"Short-Sleeve Classic Jersey, M",41.5723,53.99
1/21/2017,1,United Kingdom,United Kingdom,Europe,BC-R205,Road Bottle Cage,3.3623,8.99
1/22/2017,1,Southwest,United States,North America,TT-R982,Road Tire Tube,1.4923,3.99
1/22/2017,1,Canada,Canada,North America,TI-M267,LL Mountain Tire,9.3463,24.99
1/22/2017,1,Canada,Canada,North America,TI-R982,HL Road Tire,12.1924,32.6
1/22/2017,1,Germany,Germany,Europe,TT-R982,Road Tire Tube,1.4923,3.99
1/22/2017,1,Australia,Australia,Pacific,HL-U509,"Sport-100 Helmet, Black",12.0278,33.6442
1/22/2017,1,Australia,Australia,Pacific,WB-H098,Water Bottle - 30 oz.,1.8663,4.99
1/22/2017,1,United Kingdom,United Kingdom,Europe,HL-U509,"Sport-100 Helmet, Black",12.0278,33.6442
1/23/2017,1,Canada,Canada,North America,CA-1098,AWC Logo Cap,5.7052,8.6442
1/23/2017,1,France,France,Europe,TT-T092,Touring Tire Tube,1.8663,4.99
1/24/2017,1,Canada,Canada,North America,HL-U509-R,"Sport-100 Helmet, Red",13.0863,34.99
1/24/2017,2,Australia,Australia,Pacific,WB-H098,Water Bottle - 30 oz.,1.8663,4.99
1/25/2017,1,Northwest,United States,North America,TT-R982,Road Tire Tube,1.4923,3.99
1/25/2017,1,Canada,Canada,North America,BC-R205,Road Bottle Cage,3.3623,8.99
1/26/2017,1,Southwest,United States,North America,PK-7098,Patch Kit/8 Patches,0.8565,2.29
1/26/2017,1,Southwest,United States,North America,TT-T092,Touring Tire Tube,1.8663,4.99
1/26/2017,1,Canada,Canada,North America,LJ-0192-S,"Long-Sleeve Logo Jersey, S",31.7244,48.0673
1/26/2017,1,Canada,Canada,North America,WB-H098,Water Bottle - 30 oz.,1.8663,4.99
1/26/2017,1,Canada,Canada,North America,TI-M823,HL Mountain Tire,13.09,35
1/26/2017,1,France,France,Europe,TI-M823,HL Mountain Tire,13.09,35
1/27/2017,1,Northwest,United States,North America,VE-C304-M,"Classic Vest, M",23.749,63.5
1/27/2017,1,Northwest,United States,North America,TT-M928,Mountain Tire Tube,1.8663,4.99
1/27/2017,1,Canada,Canada,North America,FE-6654,Fender Set - Mountain,8.2205,21.98
1/28/2017,1,Northwest,United States,North America,TI-M823,HL Mountain Tire,13.09,35
1/28/2017,1,Southwest,United States,North America,FE-6654,Fender Set - Mountain,8.2205,21.98
1/28/2017,1,Canada,Canada,North America,TI-M602,ML Mountain Tire,11.2163,29.99
1/28/2017,1,Germany,Germany,Europe,WB-H098,Water Bottle - 30 oz.,1.8663,4.99
1/28/2017,1,Australia,Australia,Pacific,BK-M68B-38,"Mountain-200 Black, 38",1105.81,2049.0982
1/28/2017,1,Australia,Australia,Pacific,BK-R89R-58,"Road-250 Red, 58",1320.6838,2181.5625
1/28/2017,1,Australia,Australia,Pacific,HY-1023-70,Hydration Pack - 70 oz.,20.5663,54.99
1/28/2017,1,United Kingdom,United Kingdom,Europe,SO-R809-M,"Racing Socks, M",3.3623,8.99
1/28/2017,1,United Kingdom,United Kingdom,Europe,TT-T092,Touring Tire Tube,1.8663,4.99
1/29/2017,1,Southwest,United States,North America,BK-R19B-52,"Road-750 Black, 52",343.6496,539.99
1/29/2017,1,Canada,Canada,North America,TT-M928,Mountain Tire Tube,1.8663,4.99
1/29/2017,1,Canada,Canada,North America,TI-M823,HL Mountain Tire,13.09,35
1/29/2017,1,France,France,Europe,TI-M602,ML Mountain Tire,11.2163,29.99
1/29/2017,1,Australia,Australia,Pacific,GL-H102-L,"Half-Finger Gloves, L",9.7136,23.5481
1/29/2017,1,United Kingdom,United Kingdom,Europe,TT-T092,Touring Tire Tube,1.8663,4.99
1/30/2017,1,Southwest,United States,North America,TT-M928,Mountain Tire Tube,1.8663,4.99
1/30/2017,1,Australia,Australia,Pacific,GL-H102-S,"Half-Finger Gloves, S",9.7136,23.5481
